LNUM,S_LOAN_STATUS,S_UW_STATUS,S_LOCK_STATUS,LOCK_STATUS_DISPLAY,SENT_TO_MIDANET,AP_ADMIN_ONLY,STATUS_MODIFIED_DT,EXT_LOAN_STATUS_VERSION_ID,EXT_LOAN_STATUS_VERSION
BUUAT000000000044926,LS_NLC,,,Floating,,,9/26/2022 17:37,2,2
BUUAT000000000044927,,,,,,,,2,2
BUUAT000000000044928,,,,,,,,2,2
BUUAT000000000044929,,,,,,,,2,2
BUUAT000000000044930,,,,,,,,2,2
BUUAT000000000044931,,,,,,,,2,2
BUUAT000000000044932,LS_PROCS,,,,,,5/23/2022 8:40,2,2
BUUAT000000000044933,LS_PROCS,,,,,,5/23/2022 9:13,2,2
BUUAT000000000044934,,,,,,,,2,2
BUUAT000000000044935,,,,,,,,2,2
BUUAT000000000044936,,,,,,,,2,2
BUUAT000000000044937,LS_PROCS,,,,,,5/23/2022 12:11,2,2
BUUAT000000000044938,,,,,,,,2,2
BUUAT000000000044939,,,,,,,,2,2
BUUAT000000000044940,LS_PROCS,,,,,,5/25/2022 5:29,2,2
BUUAT000000000044941,LS_PROCS,,,,,,5/25/2022 6:43,2,2
BUUAT000000000044942,LS_PROCS,,,Floating,,,5/25/2022 17:22,2,2
BUUAT000000000044943,,,,,,,,2,2
BUUAT000000000044944,,,,,,,,2,2
BUUAT000000000044945,,,,,,,,2,2
BUUAT000000000044946,LS_PROCS,,,,,,5/30/2022 19:44,2,2
BUUAT000000000044947,LS_PROCS,,,,,,5/30/2022 20:12,2,2
BUUAT000000000044962,LS_ORGLN,,,Floating,,,6/21/2022 15:00,2,2
BUUAT000000000044963,LS_ORGLN,,,Floating,,,6/21/2022 16:51,2,2
BUUAT000000000044964,LS_ORGLN,,,Floating,,,6/21/2022 16:54,2,2
BUUAT000000000044965,LS_ORGLN,,,,,,6/21/2022 17:22,2,2
BUUAT000000000044966,LS_PROCS,,,Floating,,,6/21/2022 20:08,2,2
BUUAT000000000044967,LS_ORGLN,,,Floating,,,6/23/2022 19:01,2,2
BUUAT000000000044968,LS_ORGLN,,,Floating,,,6/23/2022 19:05,2,2
BUUAT000000000044969,LS_PROCS,,,Floating,,,6/23/2022 19:15,2,2
BUUAT000000000044970,LS_ORGLN,,,Floating,,,6/23/2022 20:42,2,2
BUUAT000000000044971,LS_PROCS,,,,,,6/23/2022 22:52,2,2
BUUAT000000000044972,LS_PROCS,,,,,,6/23/2022 23:09,2,2
BUUAT000000000044973,LS_PROCS,,,,,,6/28/2022 13:47,2,2
BUUAT000000000044974,,,,,,,,2,2
BUUAT000000000044975,,,,,,,,2,2
BUUAT000000000044976,LS_PROCS,,,Floating,,,6/28/2022 14:14,2,2
BUUAT000000000044977,LS_PROCS,,,Floating,,,6/28/2022 15:36,2,2
BUUAT000000000044978,,,,,,,,2,2
BUUAT000000000044979,LS_PROCS,,,,,,6/28/2022 17:20,2,2
BUUAT000000000044980,LS_PROCS,,,Floating,,,6/29/2022 9:35,2,2
BUUAT000000000044981,LS_ORGLN,,,Floating,,,6/29/2022 9:52,2,2
BUUAT000000000044982,LS_ORGLN,,,Floating,,,6/29/2022 9:58,2,2
BUUAT000000000044983,LS_PROCS,,,Floating,,,6/29/2022 21:02,2,2
BUUAT000000000044984,LS_PROCS,,,Floating,,,6/30/2022 13:08,2,2
BUUAT000000000044985,LS_PROCS,,,,,,6/30/2022 13:11,2,2
BUUAT000000000044986,LS_PROCS,,,Floating,,,6/30/2022 13:58,2,2
BUUAT000000000044987,LS_PROCS,,,Floating,,,7/1/2022 16:29,2,2
BUUAT000000000044988,LS_PROCS,,,,,,7/1/2022 16:43,2,2
BUUAT000000000044989,LS_PROCS,,,Floating,,,7/3/2022 18:08,2,2
BUUAT000000000044990,LS_PROCS,,,Floating,,,7/3/2022 18:18,2,2
BUUAT000000000044991,LS_PROCS,,,,,,7/4/2022 2:44,2,2
BUUAT000000000044992,LS_PROCS,,,,,,7/4/2022 8:13,2,2
BUUAT000000000044993,LS_PROCS,,,Floating,,,7/4/2022 9:22,2,2
BUUAT000000000044994,LS_PROCS,,,Floating,,,7/4/2022 9:39,2,2
BUUAT000000000044995,LS_PROCS,,,Floating,,,10/6/2022 12:49,2,2
BUUAT000000000044996,LS_PROCS,,,Floating,,,7/4/2022 12:44,2,2
BUUAT000000000044997,LS_PROCS,,,Floating,,,7/4/2022 17:06,2,2
BUUAT000000000044998,LS_COPND,,,Floating,,,10/12/2022 18:30,2,2
BUUAT000000000044999,,,,,,,,2,2
BUUAT000000000045000,,,,,,,,2,2
BUUAT000000000045001,LS_PROCS,,,,,,7/5/2022 8:38,2,2
BUUAT000000000045002,LS_PROCS,,,Floating,,,7/5/2022 8:53,2,2
BUUAT000000000045003,,,,,,,,2,2
BUUAT000000000045004,LS_PROCS,,,Floating,,,7/5/2022 13:08,2,2
BUUAT000000000045005,LS_PROCS,,,Floating,,,7/5/2022 13:16,2,2
BUUAT000000000045006,LS_PROCS,,,Floating,,,7/5/2022 13:33,2,2
BUUAT000000000045007,LS_PROCS,,,Floating,,,7/5/2022 13:34,2,2
BUUAT000000000045008,,,,,,,,2,2
BUUAT000000000045009,LS_PROCS,,,Floating,,,7/5/2022 15:57,2,2
BUUAT000000000045010,LS_PROCS,,,Floating,,,7/5/2022 16:11,2,2
BUUAT000000000045011,LS_PROCS,,,Floating,,,7/5/2022 16:24,2,2
BUUAT000000000045012,LS_PROCS,,,Floating,,,7/5/2022 16:44,2,2
BUUAT000000000045013,LS_PROCS,,,,,,7/5/2022 16:48,2,2
BUUAT000000000045014,LS_PROCS,,,Floating,,,7/5/2022 16:50,2,2
BUUAT000000000045015,LS_PROCS,,,Floating,,,7/5/2022 16:53,2,2
BUUAT000000000045016,LS_PROCS,,,Floating,,,7/5/2022 17:22,2,2
BUUAT000000000045017,LS_PROCS,,,Floating,,,7/5/2022 17:33,2,2
BUUAT000000000045018,LS_PROCS,,,,,,7/5/2022 19:07,2,2
BUUAT000000000045019,,,,,,,,2,2
BUUAT000000000045020,LS_PROCS,,,Floating,,,7/6/2022 6:41,2,2
BUUAT000000000045021,LS_PROCS,,,Floating,,,7/6/2022 11:36,2,2
BUUAT000000000045022,LS_PROCS,,,Floating,,,7/6/2022 12:21,2,2
BUUAT000000000045023,LS_PROCS,,,Floating,,,7/6/2022 17:38,2,2
BUUAT000000000045024,LS_FUND,,,Floating,,,7/6/2022 20:19,2,2
BUUAT000000000045025,LS_PROCS,,,Floating,,,10/5/2022 17:54,2,2
BUUAT000000000045026,LS_PROCS,,,Floating,,,7/6/2022 20:21,2,2
BUUAT000000000045027,LS_PROCS,,,Floating,,,7/6/2022 20:33,2,2
BUUAT000000000045028,LS_PROCS,,,Floating,,,7/7/2022 8:57,2,2
BUUAT000000000045029,LS_IUW,,,Floating,,,7/7/2022 9:22,2,2
BUUAT000000000045030,LS_NLC,,,Floating,,,7/7/2022 9:36,2,2
BUUAT000000000045031,LS_PROCS,,,Floating,,,9/14/2022 0:05,2,2
BUUAT000000000045032,LS_PROCS,,,Floating,,,9/14/2022 0:05,2,2
BUUAT000000000045033,LS_PROCS,,,Floating,,,7/7/2022 11:45,2,2
BUUAT000000000045034,LS_NLC,,,Floating,,,7/7/2022 12:01,2,2
BUUAT000000000045035,LS_NLC,,,Floating,,,7/7/2022 12:36,2,2
BUUAT000000000045036,LS_IUW,,,Floating,,,7/7/2022 14:39,2,2
BUUAT000000000045037,LS_DENYD,,,Floating,,,9/27/2022 13:30,2,2
BUUAT000000000045038,LS_COPND,,,Floating,,,9/27/2022 13:55,2,2
BUUAT000000000045039,LS_ORGLN,,,Floating,,,7/7/2022 20:37,2,2
BUUAT000000000045040,LS_DENYD,,,Floating,,,9/29/2022 12:49,2,2
BUUAT000000000045041,LS_IUW,,,Floating,,,7/9/2022 5:27,2,2
BUUAT000000000045042,LS3APRVD,,,Floating,,,9/29/2022 13:53,2,2
BUUAT000000000045043,LS3APRVD,,,Floating,,,10/5/2022 13:37,2,2
BUUAT000000000045044,LS_DENYD,,,Floating,,,10/14/2022 17:13,2,2
BUUAT000000000045045,LS_PROCS,,,Floating,,,10/26/2022 16:17,2,2
BUUAT000000000045046,LS_PROCS,,,,,,9/14/2022 0:06,2,2
BUUAT000000000045047,LS_PROCS,,,Floating,,,7/12/2022 6:40,2,2
BUUAT000000000045048,LS_PROCS,,,Floating,,,10/4/2022 18:24,2,2
BUUAT000000000045049,LS_PROCS,,,,,,7/12/2022 7:26,2,2
BUUAT000000000045050,,,,,,,,2,2
BUUAT000000000045051,LS_PROCS,,,Floating,,,10/4/2022 18:31,2,2
BUUAT000000000045052,LS_HMDA,,,Floating,,,7/12/2022 10:41,2,2
BUUAT000000000045053,LS_PROCS,,,Floating,,,10/6/2022 19:52,2,2
BUUAT000000000045054,LS_IUW,,,Floating,,,7/12/2022 8:38,2,2
BUUAT000000000045055,LS_PROCS,,,Floating,,,7/12/2022 8:50,2,2
BUUAT000000000045056,LS_PROCS,,,Floating,,,10/6/2022 14:01,2,2
BUUAT000000000045057,LS_DENYD,,,Floating,,,10/5/2022 17:44,2,2
BUUAT000000000045058,LS_PROCS,,,Floating,,,7/12/2022 11:57,2,2
BUUAT000000000045059,LS_PROCS,,,Floating,,,7/12/2022 12:20,2,2
BUUAT000000000045060,LS_PROCS,,,,,,7/12/2022 13:23,2,2
BUUAT000000000045061,LS_PROCS,,,Floating,,,10/6/2022 13:49,2,2
BUUAT000000000045062,LS_DENYD,,,Floating,,,10/6/2022 17:50,2,2
BUUAT000000000045063,LS_NLC,,,Floating,,,7/12/2022 13:59,2,2
BUUAT000000000045064,LS_PROCS,,,,,,7/15/2022 10:42,2,2
BUUAT000000000045065,LS_IUW,,,Floating,,,7/15/2022 11:45,2,2
BUUAT000000000045066,LS_PROCS,,,Floating,,,10/25/2022 12:31,2,2
BUUAT000000000045067,LS_PROCS,,,Floating,,,7/16/2022 7:19,2,2
BUUAT000000000045068,LS_DENYD,,,Floating,,,10/14/2022 18:05,2,2
BUUAT000000000045069,LS_IUW,,,Floating,,,7/16/2022 8:00,2,2
BUUAT000000000045070,LS_PROCS,,,Floating,,,9/14/2022 0:06,2,2
BUUAT000000000045071,LS_CLOSE,,,Floating,,,7/18/2022 5:19,2,2
BUUAT000000000045072,LS_NLC,,,,,,7/18/2022 11:03,2,2
BUUAT000000000045073,,,,,,,,2,2
BUUAT000000000045074,LS_PROCS,,,Floating,,,9/14/2022 0:06,2,2
BUUAT000000000045075,LS_IUW,,,Floating,,,7/20/2022 13:14,2,2
BUUAT000000000045076,LS_PROCS,,,Floating,,,10/20/2022 15:01,2,2
BUUAT000000000045077,LS_PROCS,,,Floating,,,7/21/2022 12:07,2,2
BUUAT000000000045078,LS_PROCS,,,Floating,,,7/21/2022 12:21,2,2
BUUAT000000000045079,LS_IUW,,,Floating,,,7/24/2022 14:49,2,2
BUUAT000000000045080,LS_IUW,,,Floating,,,7/24/2022 16:41,2,2
BUUAT000000000045081,LS_IUW,,,Floating,,,7/24/2022 17:25,2,2
BUUAT000000000045082,LS_PROCS,,,,,,7/24/2022 17:59,2,2
BUUAT000000000045083,LS_PROCS,,,Floating,,,11/1/2022 16:30,2,2
BUUAT000000000045084,LS_IUW,,,Floating,,,7/25/2022 12:14,2,2
BUUAT000000000045085,LS_IUW,,,Floating,,,7/25/2022 12:23,2,2
BUUAT000000000045086,LS_IUW,,,Floating,,,7/25/2022 12:33,2,2
BUUAT000000000045087,LS_DENYD,,,Floating,,,10/28/2022 12:57,2,2
BUUAT000000000045088,LS_DENYD,,,Floating,,,10/28/2022 13:29,2,2
BUUAT000000000045089,LS_PROCS,,,Floating,,,11/2/2022 14:52,2,2
BUUAT000000000045090,LS_DENYD,,,Floating,,,11/2/2022 15:11,2,2
BUUAT000000000045091,LS_IUW,,,Floating,,,7/26/2022 7:03,2,2
BUUAT000000000045092,LS_IUW,,,Floating,,,7/26/2022 7:13,2,2
BUUAT000000000045093,LS_IUW,,,Floating,,,7/26/2022 7:36,2,2
BUUAT000000000045094,LS_UW,,,Floating,,,11/18/2022 12:36,2,2
BUUAT000000000045095,LS_IUW,,,Floating,,,7/26/2022 9:14,2,2
BUUAT000000000045096,,,,,,,,2,2
BUUAT000000000045097,LS_IUW,,,Floating,,,7/26/2022 11:45,2,2
BUUAT000000000045098,LS_IUW,,,Floating,,,7/26/2022 13:55,2,2
BUUAT000000000045099,LS_IUW,,,,,,7/26/2022 14:16,2,2
BUUAT000000000045100,LS_IUW,,,,,,7/26/2022 14:31,2,2
BUUAT000000000045101,LS_IUW,,,Floating,,,7/26/2022 14:40,2,2
BUUAT000000000045102,LS_PROCS,,,Floating,,,7/26/2022 15:01,2,2
BUUAT000000000045103,LS_IUW,,,Floating,,,7/26/2022 15:04,2,2
BUUAT000000000045104,LS_IUW,,,,,,7/26/2022 15:41,2,2
BUUAT000000000045105,LS_IUW,,,Floating,,,7/26/2022 15:49,2,2
BUUAT000000000045106,LS_IUW,,,Floating,,,7/28/2022 8:58,2,2
BUUAT000000000045107,LS_NLC,,,Floating,,,8/3/2022 11:12,2,2
BUUAT000000000045108,LS_IUW,,,Floating,,,7/28/2022 9:48,2,2
BUUAT000000000045109,LS_IUW,,,Floating,,,7/28/2022 10:07,2,2
BUUAT000000000045110,LS_PROCS,,,Floating,,,7/28/2022 10:23,2,2
BUUAT000000000045111,LS_PROCS,,,Floating,,,7/28/2022 10:50,2,2
BUUAT000000000045112,LS_PROCS,,,Floating,,,7/28/2022 11:18,2,2
BUUAT000000000045113,LS_IUW,,,,,,7/29/2022 10:32,2,2
BUUAT000000000045114,LS_PROCS,,,Floating,,,8/1/2022 12:54,2,2
BUUAT000000000045115,LS_NLC,,,Floating,,,8/1/2022 13:54,2,2
BUUAT000000000045116,LS_PROCS,,,Floating,,,8/2/2022 14:14,2,2
BUUAT000000000045117,LS_NLC,,,Floating,,,8/1/2022 17:11,2,2
BUUAT000000000045118,LS_NLC,,,Floating,,,8/1/2022 17:59,2,2
BUUAT000000000045119,LS_PROCS,,,Floating,,,8/3/2022 6:01,2,2
BUUAT000000000045120,LS_IUW,,,Floating,,,8/3/2022 6:14,2,2
BUUAT000000000045121,LS_PROCS,,,Floating,,,8/3/2022 6:37,2,2
BUUAT000000000045122,LS_ORGLN,,,Floating,,,8/3/2022 6:38,2,2
BUUAT000000000045123,LS_PROCS,,,Floating,,,8/3/2022 9:39,2,2
BUUAT000000000045124,LS_IUW,,,Floating,,,8/3/2022 10:20,2,2
BUUAT000000000045125,LS_PROCS,,,Floating,,,8/3/2022 10:41,2,2
BUUAT000000000045126,LS_NLC,,,Floating,,,8/3/2022 13:44,2,2
BUUAT000000000045127,LS_IUW,,,Floating,,,8/3/2022 12:52,2,2
BUUAT000000000045128,LS_IUW,,,Floating,,,8/3/2022 14:19,2,2
BUUAT000000000045129,,,,,,,,2,2
BUUAT000000000045130,,,,,,,,2,2
BUUAT000000000045131,,,,,,,,2,2
BUUAT000000000045132,,,,,,,,2,2
BUUAT000000000045133,,,,,,,,2,2
BUUAT000000000045134,,,,,,,,2,2
BUUAT000000000045135,LS_IUW,,,Floating,,,8/3/2022 22:02,2,2
BUUAT000000000045136,,,,,,,,2,2
BUUAT000000000045138,,,,,,,,2,2
BUUAT000000000045139,,,,,,,,2,2
BUUAT000000000045140,LS_NLC,,,Floating,,,8/3/2022 22:48,2,2
BUUAT000000000045141,,,,,,,,2,2
BUUAT000000000045142,LS_IUW,,,Floating,,,8/4/2022 7:32,2,2
BUUAT000000000045143,LS_IUW,,,Floating,,,8/4/2022 7:45,2,2
BUUAT000000000045144,,,,,,,,2,2
BUUAT000000000045145,,,,,,,8/4/2022 8:36,2,2
BUUAT000000000045146,,,,,,,,2,2
BUUAT000000000045147,LS_NLC,,,Floating,,,8/4/2022 9:46,2,2
BUUAT000000000045148,LS_PROCS,,,,,,8/4/2022 10:38,2,2
BUUAT000000000045149,LS_IUW,,,Floating,,,8/4/2022 11:20,2,2
BUUAT000000000045150,LS_NLC,,,Floating,,,8/4/2022 11:25,2,2
BUUAT000000000045151,LS_IUW,,,,,,8/4/2022 11:31,2,2
BUUAT000000000045152,LS_NLC,,,Floating,,,8/4/2022 14:03,2,2
BUUAT000000000045153,,,,,,,,2,2
BUUAT000000000045154,,,,,,,,2,2
BUUAT000000000045155,LS_NLC,,,Floating,,,8/4/2022 16:34,2,2
BUUAT000000000045156,,,,,,,,2,2
BUUAT000000000045157,,,,,,,,2,2
BUUAT000000000045158,,,,,,,,2,2
BUUAT000000000045159,LS_NLC,,,Floating,,,8/4/2022 13:41,2,2
BUUAT000000000045160,LS_NLC,,,Floating,,,8/4/2022 16:33,2,2
BUUAT000000000045161,LS_NLC,,,Floating,,,8/4/2022 16:37,2,2
BUUAT000000000045162,LS_NLC,,,Floating,,,8/4/2022 17:33,2,2
BUUAT000000000045163,,,,,,,,2,2
BUUAT000000000045164,LS_DENYD,,,Floating,,,8/4/2022 21:09,2,2
BUUAT000000000045165,LS_NLC,,,Floating,,,8/4/2022 18:25,2,2
BUUAT000000000045166,LS_NLC,,,Floating,,,8/4/2022 20:48,2,2
BUUAT000000000045167,LS_PROCS,,,Floating,,,8/4/2022 20:47,2,2
BUUAT000000000045168,LS_CLOSE,,,Floating,,,8/4/2022 23:43,2,2
BUUAT000000000045169,,,,,,,,2,2
BUUAT000000000045170,LS_CLOSE,,,Floating,,,8/4/2022 22:23,2,2
BUUAT000000000045171,LS3APRVD,,,Floating,,,8/5/2022 14:11,2,2
BUUAT000000000045172,LS_NLC,,,Floating,,,8/5/2022 14:02,2,2
BUUAT000000000045173,,,,,,,,2,2
BUUAT000000000045174,LS_PROCS,,,Floating,,,8/5/2022 18:22,2,2
BUUAT000000000045175,LS_NLC,,,,,,8/5/2022 23:18,2,2
BUUAT000000000045176,,,,,,,,2,2
BUUAT000000000045177,,,,,,,,2,2
BUUAT000000000045178,,,,,,,,2,2
BUUAT000000000045179,,,,,,,,2,2
BUUAT000000000045180,LS_NLC,,,Floating,,,8/8/2022 8:48,2,2
BUUAT000000000045181,,,,,,,,2,2
BUUAT000000000045182,,,,,,,,2,2
BUUAT000000000045183,,,,,,,,2,2
BUUAT000000000045184,,,,,,,,2,2
BUUAT000000000045185,LS_ORGLN,,,Floating,,,8/8/2022 9:40,2,2
BUUAT000000000045186,LS_NLC,,,Floating,,,8/8/2022 10:03,2,2
BUUAT000000000045187,LS_NLC,,,Floating,,,8/9/2022 6:45,2,2
BUUAT000000000045188,,,,,,,,2,2
BUUAT000000000045189,LS_NLC,,,Floating,,,8/8/2022 11:20,2,2
BUUAT000000000045190,LS_NLC,,,,,,8/8/2022 11:35,2,2
BUUAT000000000045191,,,,,,,,2,2
BUUAT000000000045192,,,,,,,,2,2
BUUAT000000000045193,,,,,,,,2,2
BUUAT000000000045194,,,,,,,,2,2
BUUAT000000000045195,,,,,,,,2,2
BUUAT000000000045196,LS_NLC,,,Floating,,,8/8/2022 15:34,2,2
BUUAT000000000045197,LS_COPND,,,Floating,,,8/9/2022 20:16,2,2
BUUAT000000000045198,LS_PROCS,,,Floating,,,8/8/2022 18:15,2,2
BUUAT000000000045199,,,,,,,,2,2
BUUAT000000000045200,LS_PROCS,,,Floating,,,8/8/2022 18:10,2,2
BUUAT000000000045201,,,,,,,,2,2
BUUAT000000000045202,,,,,,,,2,2
BUUAT000000000045203,LS_NLC,,,Floating,,,8/9/2022 6:53,2,2
BUUAT000000000045204,LS_NLC,,,Floating,,,8/9/2022 7:23,2,2
BUUAT000000000045205,LS_NLC,,,Floating,,,8/9/2022 7:54,2,2
BUUAT000000000045206,,,,,,,,2,2
BUUAT000000000045207,,,,,,,,2,2
BUUAT000000000045208,LS_ORGLN,,,Floating,,,8/9/2022 8:34,2,2
BUUAT000000000045209,LS_PROCS,,,Floating,,,8/9/2022 8:46,2,2
BUUAT000000000045210,LS_PROCS,,,Floating,,,8/9/2022 9:14,2,2
BUUAT000000000045211,LS_PROCS,,,Floating,,,8/9/2022 9:42,2,2
BUUAT000000000045212,,,,,,,,2,2
BUUAT000000000045213,,,,,,,,2,2
BUUAT000000000045214,,,,,,,,2,2
BUUAT000000000045215,,,,,,,,2,2
BUUAT000000000045216,LS_PROCS,,,Floating,,,8/9/2022 11:48,2,2
BUUAT000000000045217,LS_ORGLN,,,Floating,,,8/9/2022 15:04,2,2
BUUAT000000000045218,LS_IUW,,,Floating,,,8/9/2022 17:21,2,2
BUUAT000000000045219,LS_PROCS,,,Floating,,,8/9/2022 17:52,2,2
BUUAT000000000045220,LS_PROCS,,,,,,8/10/2022 10:19,2,2
BUUAT000000000045221,LS_IUW,,,,,,8/10/2022 10:24,2,2
BUUAT000000000045222,LS_PROCS,,,,,,8/10/2022 10:25,2,2
BUUAT000000000045223,LS_ORGLN,,,Floating,,,8/10/2022 10:42,2,2
BUUAT000000000045224,LS_ORGLN,,,Floating,,,8/10/2022 11:02,2,2
BUUAT000000000045225,LS_ORGLN,,,,,,8/10/2022 11:34,2,2
BUUAT000000000045226,LS_ORGLN,,,Floating,,,8/10/2022 12:15,2,2
BUUAT000000000045227,LS_CLOSE,,,Floating,,,8/10/2022 17:13,2,2
BUUAT000000000045228,,,,,,,,2,2
BUUAT000000000045229,LS_NLC,,,Floating,,,11/8/2022 14:26,2,2
BUUAT000000000045230,,,,,,,,2,2
BUUAT000000000045231,LS_NLC,,,Floating,,,8/10/2022 20:16,2,2
BUUAT000000000045232,,,,,,,,2,2
BUUAT000000000045233,LS3APRVD,,,Floating,,,8/11/2022 0:51,2,2
BUUAT000000000045234,LS_IUW,,,,,,8/10/2022 20:36,2,2
BUUAT000000000045235,LS3APRVD,,,Floating,,,8/11/2022 1:00,2,2
BUUAT000000000045236,LS_IUW,,,,,,8/10/2022 20:37,2,2
BUUAT000000000045237,LS3APRVD,,,Floating,,,8/11/2022 1:02,2,2
BUUAT000000000045238,LS_IUW,,,,,,8/10/2022 20:37,2,2
BUUAT000000000045239,LS3APRVD,,,Floating,,,8/11/2022 1:03,2,2
BUUAT000000000045240,LS_IUW,,,,,,8/10/2022 20:37,2,2
BUUAT000000000045241,LS_IUW,,,,,,8/10/2022 20:38,2,2
BUUAT000000000045242,LS_IUW,,,,,,8/10/2022 20:38,2,2
BUUAT000000000045243,LS_IUW,,,,,,8/10/2022 20:38,2,2
BUUAT000000000045244,LS3APRVD,,,Floating,,,8/11/2022 1:04,2,2
BUUAT000000000045245,LS_IUW,,,,,,8/10/2022 20:38,2,2
BUUAT000000000045246,LS_IUW,,,,,,8/10/2022 20:38,2,2
BUUAT000000000045247,LS_IUW,,,,,,8/10/2022 20:39,2,2
BUUAT000000000045248,LS_IUW,,,,,,8/10/2022 20:38,2,2
BUUAT000000000045249,LS3APRVD,,,Floating,,,8/11/2022 1:05,2,2
BUUAT000000000045250,LS_IUW,,,,,,8/10/2022 20:39,2,2
BUUAT000000000045251,LS_IUW,,,,,,8/10/2022 20:39,2,2
BUUAT000000000045252,LS_IUW,,,,,,8/10/2022 20:39,2,2
BUUAT000000000045253,LS_IUW,,,,,,8/10/2022 20:39,2,2
BUUAT000000000045254,LS3APRVD,,,Floating,,,8/11/2022 1:06,2,2
BUUAT000000000045255,LS_IUW,,,,,,8/10/2022 20:40,2,2
BUUAT000000000045256,LS_IUW,,,,,,8/10/2022 20:40,2,2
BUUAT000000000045257,LS_IUW,,,,,,8/10/2022 20:40,2,2
BUUAT000000000045258,LS3APRVD,,,Floating,,,8/11/2022 1:08,2,2
BUUAT000000000045259,LS_NLC,,,Floating,,,8/10/2022 21:28,2,2
BUUAT000000000045260,,,,,,,,2,2
BUUAT000000000045261,,,,,,,,2,2
BUUAT000000000045262,,,,,,,,2,2
BUUAT000000000045263,,,,,,,,2,2
BUUAT000000000045264,,,,,,,,2,2
BUUAT000000000045265,,,,,,,,2,2
BUUAT000000000045266,,,,,,,,2,2
BUUAT000000000045267,,,,,,,,2,2
BUUAT000000000045268,,,,,,,,2,2
BUUAT000000000045269,,,,,,,,2,2
BUUAT000000000045270,,,,,,,,2,2
BUUAT000000000045271,,,,,,,,2,2
BUUAT000000000045272,,,,,,,,2,2
BUUAT000000000045273,,,,,,,,2,2
BUUAT000000000045274,LS_NLC,,,Floating,,,8/10/2022 21:33,2,2
BUUAT000000000045275,,,,,,,,2,2
BUUAT000000000045276,,,,,,,,2,2
BUUAT000000000045277,,,,,,,,2,2
BUUAT000000000045278,LS_NLC,,,Floating,,,11/8/2022 15:22,2,2
BUUAT000000000045279,,,,,,,,2,2
BUUAT000000000045280,,,,,,,,2,2
BUUAT000000000045281,,,,,,,,2,2
BUUAT000000000045282,,,,,,,,2,2
BUUAT000000000045283,,,,,,,,2,2
BUUAT000000000045284,LS_DENYD,,,Floating,,,8/11/2022 1:15,2,2
BUUAT000000000045285,,,,,,,,2,2
BUUAT000000000045286,LS_DENYD,,,Floating,,,8/11/2022 11:09,2,2
BUUAT000000000045287,,,,,,,,2,2
BUUAT000000000045288,,,,,,,,2,2
BUUAT000000000045289,LS_DENYD,,,Floating,,,8/12/2022 4:27,2,2
BUUAT000000000045290,,,,,,,,2,2
BUUAT000000000045291,,,,,,,,2,2
BUUAT000000000045292,LS_NLC,,,Floating,,,8/11/2022 1:32,2,2
BUUAT000000000045293,,,,,,,,2,2
BUUAT000000000045294,LS_NLC,,,Floating,,,8/11/2022 1:35,2,2
BUUAT000000000045295,,,,,,,,2,2
BUUAT000000000045296,LS_NLC,,,Floating,,,8/11/2022 1:34,2,2
BUUAT000000000045297,,,,,,,,2,2
BUUAT000000000045298,,,,,,,,2,2
BUUAT000000000045299,,,,,,,,2,2
BUUAT000000000045300,LS_NLC,,,Floating,,,8/11/2022 1:37,2,2
BUUAT000000000045301,,,,,,,,2,2
BUUAT000000000045302,LS_NLC,,,Floating,,,8/11/2022 4:05,2,2
BUUAT000000000045303,LS_PROCS,,,Floating,,,8/11/2022 10:59,2,2
BUUAT000000000045304,LS_ORGLN,,,Floating,,,8/11/2022 6:08,2,2
BUUAT000000000045305,LS_IUW,,,Floating,,,8/11/2022 6:49,2,2
BUUAT000000000045306,LS_PROCS,,,Floating,,,8/11/2022 6:57,2,2
BUUAT000000000045307,LS_PROCS,,,Floating,,,8/11/2022 7:03,2,2
BUUAT000000000045308,LS_PROCS,,,Floating,,,8/11/2022 7:13,2,2
BUUAT000000000045309,LS_PROCS,,,Floating,,,8/11/2022 7:20,2,2
BUUAT000000000045310,LS_PROCS,,,Floating,,,8/11/2022 8:51,2,2
BUUAT000000000045311,LS_ORGLN,,,Floating,,,8/11/2022 10:47,2,2
BUUAT000000000045312,LS_IUW,,,Floating,,,8/11/2022 11:00,2,2
BUUAT000000000045313,LS_CLOSE,,,Floating,,,8/11/2022 11:22,2,2
BUUAT000000000045314,LS3APRVD,,,Floating,,,8/11/2022 11:06,2,2
BUUAT000000000045315,LS3APRVD,,,Floating,,,8/11/2022 11:48,2,2
BUUAT000000000045316,LS3APRVD,,,Floating,,,8/11/2022 11:52,2,2
BUUAT000000000045317,LS3APRVD,,,Floating,,,8/11/2022 11:54,2,2
BUUAT000000000045318,LS3APRVD,,,Floating,,,8/11/2022 11:58,2,2
BUUAT000000000045319,LS_IUW,,,Floating,,,8/11/2022 11:46,2,2
BUUAT000000000045320,LS3APRVD,,,Floating,,,8/11/2022 11:56,2,2
BUUAT000000000045321,LS3APRVD,,,Floating,,,8/11/2022 12:00,2,2
BUUAT000000000045322,LS_IUW,,,,,,8/11/2022 11:47,2,2
BUUAT000000000045323,LS_PROCS,,,Floating,,,8/11/2022 20:11,2,2
BUUAT000000000045324,LS3APRVD,,,Floating,,,8/11/2022 12:03,2,2
BUUAT000000000045325,LS_IUW,,,,,,8/11/2022 11:47,2,2
BUUAT000000000045326,LS_PROCS,,,Floating,,,8/11/2022 12:42,2,2
BUUAT000000000045327,LS_PROCS,,,Floating,,,8/11/2022 14:11,2,2
BUUAT000000000045328,LS_IUW,,,,,,8/11/2022 12:55,2,2
BUUAT000000000045329,LS_NLC,,,Floating,,,8/11/2022 13:23,2,2
BUUAT000000000045330,LS_NLC,,,Floating,,,8/11/2022 13:39,2,2
BUUAT000000000045331,LS_NLC,,,Floating,,,8/11/2022 13:42,2,2
BUUAT000000000045332,LS_IUW,,,Floating,,,8/11/2022 14:17,2,2
BUUAT000000000045333,LS_DENYD,,,Floating,,,8/11/2022 14:36,2,2
BUUAT000000000045334,LS_COPND,,,Floating,,,8/11/2022 14:52,2,2
BUUAT000000000045335,LS_COPND,,,Floating,,,8/18/2022 17:52,2,2
BUUAT000000000045336,LS_IUW,,,,,,8/11/2022 15:08,2,2
BUUAT000000000045337,LS_IUW,,,,,,8/11/2022 15:08,2,2
BUUAT000000000045338,LS_IUW,,,Floating,,,8/11/2022 15:08,2,2
BUUAT000000000045339,LS_IUW,,,,,,8/11/2022 15:09,2,2
BUUAT000000000045340,LS_IUW,,,,,,8/11/2022 15:09,2,2
BUUAT000000000045341,LS_IUW,,,,,,8/11/2022 15:09,2,2
BUUAT000000000045342,LS3APRVD,,,Floating,,,8/11/2022 15:11,2,2
BUUAT000000000045343,LS_IUW,,,,,,8/11/2022 15:10,2,2
BUUAT000000000045344,LS_IUW,,,,,,8/11/2022 15:10,2,2
BUUAT000000000045345,LS_CCO,,,Floating,,,8/11/2022 21:41,2,2
BUUAT000000000045346,LS_PROCS,,,Floating,,,8/11/2022 18:11,2,2
BUUAT000000000045347,LS_PROCS,,,Floating,,,8/11/2022 19:56,2,2
BUUAT000000000045348,,,,,,,,2,2
BUUAT000000000045349,,,,,,,,2,2
BUUAT000000000045350,,,,,,,,2,2
BUUAT000000000045351,,,,,,,,2,2
BUUAT000000000045352,,,,,,,,2,2
BUUAT000000000045353,,,,,,,,2,2
BUUAT000000000045354,,,,,,,,2,2
BUUAT000000000045355,,,,,,,,2,2
BUUAT000000000045356,,,,,,,,2,2
BUUAT000000000045357,,,,,,,,2,2
BUUAT000000000045358,,,,,,,,2,2
BUUAT000000000045359,,,,,,,,2,2
BUUAT000000000045360,,,,,,,,2,2
BUUAT000000000045361,,,,,,,,2,2
BUUAT000000000045362,,,,,,,,2,2
BUUAT000000000045363,,,,,,,,2,2
BUUAT000000000045364,,,,,,,,2,2
BUUAT000000000045365,,,,,,,,2,2
BUUAT000000000045366,,,,,,,,2,2
BUUAT000000000045367,,,,,,,,2,2
BUUAT000000000045368,,,,,,,,2,2
BUUAT000000000045369,,,,,,,,2,2
BUUAT000000000045370,,,,,,,,2,2
BUUAT000000000045371,,,,,,,,2,2
BUUAT000000000045372,,,,,,,,2,2
BUUAT000000000045373,,,,,,,,2,2
BUUAT000000000045374,,,,,,,,2,2
BUUAT000000000045375,,,,,,,,2,2
BUUAT000000000045376,,,,,,,,2,2
BUUAT000000000045377,,,,,,,,2,2
BUUAT000000000045378,,,,,,,,2,2
BUUAT000000000045379,,,,,,,,2,2
BUUAT000000000045380,,,,,,,,2,2
BUUAT000000000045381,,,,,,,,2,2
BUUAT000000000045382,,,,,,,,2,2
BUUAT000000000045383,,,,,,,,2,2
BUUAT000000000045384,,,,,,,,2,2
BUUAT000000000045385,,,,,,,,2,2
BUUAT000000000045386,,,,,,,,2,2
BUUAT000000000045387,,,,,,,,2,2
BUUAT000000000045388,,,,,,,,2,2
BUUAT000000000045389,,,,,,,,2,2
BUUAT000000000045390,,,,,,,,2,2
BUUAT000000000045391,,,,,,,,2,2
BUUAT000000000045392,,,,,,,,2,2
BUUAT000000000045393,,,,,,,,2,2
BUUAT000000000045394,,,,,,,,2,2
BUUAT000000000045395,LS_IUW,,,Floating,,,8/11/2022 20:27,2,2
BUUAT000000000045396,LS_IUW,,,Floating,,,8/11/2022 20:40,2,2
BUUAT000000000045397,,,,,,,,2,2
BUUAT000000000045398,LS_IUW,,,Floating,,,8/11/2022 20:51,2,2
BUUAT000000000045399,,,,,,,,2,2
BUUAT000000000045400,,,,,,,,2,2
BUUAT000000000045401,,,,,,,,2,2
BUUAT000000000045402,,,,,,,,2,2
BUUAT000000000045403,LS_IUW,,,Floating,,,8/11/2022 21:01,2,2
BUUAT000000000045404,,,,,,,,2,2
BUUAT000000000045405,LS_PROCS,,,Floating,,,8/16/2022 16:20,2,2
BUUAT000000000045406,,,,,,,,2,2
BUUAT000000000045407,LS_IUW,,,Floating,,,8/11/2022 21:09,2,2
BUUAT000000000045408,,,,,,,,2,2
BUUAT000000000045409,,,,,,,,2,2
BUUAT000000000045410,,,,,,,,2,2
BUUAT000000000045411,LS_PROCS,,,Floating,,,8/12/2022 16:13,2,2
BUUAT000000000045412,,,,,,,,2,2
BUUAT000000000045413,,,,,,,,2,2
BUUAT000000000045414,LS_PROCS,,,Floating,,,8/16/2022 16:19,2,2
BUUAT000000000045415,,,,,,,,2,2
BUUAT000000000045416,,,,,,,,2,2
BUUAT000000000045417,,,,,,,,2,2
BUUAT000000000045418,,,,,,,,2,2
BUUAT000000000045419,LS_IUW,,,Floating,,,8/11/2022 23:44,2,2
BUUAT000000000045420,LS_PROCS,,,Floating,,,8/16/2022 16:33,2,2
BUUAT000000000045421,LS_IUW,,,Floating,,,8/11/2022 23:51,2,2
BUUAT000000000045422,,,,,,,,2,2
BUUAT000000000045423,,,,,,,,2,2
BUUAT000000000045424,,,,,,,,2,2
BUUAT000000000045425,,,,,,,,2,2
BUUAT000000000045426,,,,,,,,2,2
BUUAT000000000045427,,,,,,,,2,2
BUUAT000000000045428,LS_IUW,,,Floating,,,8/12/2022 0:36,2,2
BUUAT000000000045429,,,,,,,,2,2
BUUAT000000000045430,,,,,,,,2,2
BUUAT000000000045431,,,,,,,,2,2
BUUAT000000000045432,LS_PROCS,,,Floating,,,8/12/2022 16:24,2,2
BUUAT000000000045433,,,,,,,,2,2
BUUAT000000000045434,LS_IUW,,,Floating,,,8/12/2022 0:46,2,2
BUUAT000000000045435,,,,,,,,2,2
BUUAT000000000045436,LS_NLC,,,Floating,,,10/21/2022 16:57,2,2
BUUAT000000000045437,LS_PROCS,,,Floating,,,10/6/2022 19:22,2,2
BUUAT000000000045438,,,,,,,,2,2
BUUAT000000000045439,,,,,,,,2,2
BUUAT000000000045440,,,,,,,,2,2
BUUAT000000000045441,LS_NLC,,,Floating,,,10/12/2022 18:16,2,2
BUUAT000000000045442,LS_PROCS,,,Floating,,,8/12/2022 15:50,2,2
BUUAT000000000045443,,,,,,,,2,2
BUUAT000000000045444,LS_CCO,,,Floating,,,8/11/2022 22:08,2,2
BUUAT000000000045445,LS_DENYD,,,Floating,,,8/12/2022 4:45,2,2
BUUAT000000000045446,LS_DENYD,,,Floating,,,8/12/2022 4:48,2,2
BUUAT000000000045447,LS_DENYD,,,Floating,,,8/12/2022 4:52,2,2
BUUAT000000000045448,,,,,,,,2,2
BUUAT000000000045449,LS_DENYD,,,Floating,,,8/12/2022 4:54,2,2
BUUAT000000000045450,,,,,,,,2,2
BUUAT000000000045451,LS_DENYD,,,Floating,,,8/12/2022 4:59,2,2
BUUAT000000000045452,LS_DENYD,,,Floating,,,8/12/2022 4:56,2,2
BUUAT000000000045453,,,,,,,,2,2
BUUAT000000000045454,,,,,,,,2,2
BUUAT000000000045455,LS_DENYD,,,Floating,,,8/12/2022 5:03,2,2
BUUAT000000000045456,LS_DENYD,,,Floating,,,8/12/2022 5:01,2,2
BUUAT000000000045457,,,,,,,,2,2
BUUAT000000000045458,,,,,,,,2,2
BUUAT000000000045459,,,,,,,,2,2
BUUAT000000000045460,LS_DENYD,,,Floating,,,8/12/2022 5:06,2,2
BUUAT000000000045461,,,,,,,,2,2
BUUAT000000000045462,,,,,,,,2,2
BUUAT000000000045463,,,,,,,,2,2
BUUAT000000000045464,,,,,,,,2,2
BUUAT000000000045465,,,,,,,,2,2
BUUAT000000000045466,,,,,,,,2,2
BUUAT000000000045467,,,,,,,,2,2
BUUAT000000000045468,,,,,,,,2,2
BUUAT000000000045469,,,,,,,,2,2
BUUAT000000000045470,,,,,,,,2,2
BUUAT000000000045471,,,,,,,,2,2
BUUAT000000000045472,,,,,,,,2,2
BUUAT000000000045473,,,,,,,,2,2
BUUAT000000000045474,,,,,,,,2,2
BUUAT000000000045475,,,,,,,,2,2
BUUAT000000000045476,,,,,,,,2,2
BUUAT000000000045477,,,,,,,,2,2
BUUAT000000000045478,,,,,,,,2,2
BUUAT000000000045479,,,,,,,,2,2
BUUAT000000000045480,,,,,,,,2,2
BUUAT000000000045481,,,,,,,,2,2
BUUAT000000000045482,,,,,,,,2,2
BUUAT000000000045483,,,,,,,,2,2
BUUAT000000000045484,,,,,,,,2,2
BUUAT000000000045485,,,,,,,,2,2
BUUAT000000000045486,,,,,,,,2,2
BUUAT000000000045487,,,,,,,,2,2
BUUAT000000000045488,,,,,,,,2,2
BUUAT000000000045489,LS_COPND,,,Floating,,,8/12/2022 6:22,2,2
BUUAT000000000045490,LS_NLC,,,Floating,,,8/12/2022 6:41,2,2
BUUAT000000000045491,LS_NLC,,,Floating,,,8/12/2022 6:47,2,2
BUUAT000000000045492,LS_NLC,,,Floating,,,8/12/2022 6:56,2,2
BUUAT000000000045493,LS_COPND,,,Floating,,,8/12/2022 7:04,2,2
BUUAT000000000045494,LS_COPND,,,Floating,,,8/12/2022 7:16,2,2
BUUAT000000000045495,LS_NLC,,,Floating,,,8/12/2022 10:23,2,2
BUUAT000000000045496,LS_NLC,,,Floating,,,8/12/2022 10:43,2,2
BUUAT000000000045497,LS_IUW,,,,,,8/12/2022 12:57,2,2
BUUAT000000000045498,LS_PROCS,,,Floating,,,8/14/2022 11:39,2,2
BUUAT000000000045499,LS_PROCS,,,,,,8/14/2022 12:12,2,2
BUUAT000000000045500,,,,,,,,2,2
BUUAT000000000045501,,,,,,,,2,2
BUUAT000000000045502,LS_IUW,,,Floating,,,8/15/2022 7:04,2,2
BUUAT000000000045503,LS_PROCS,,,Floating,,,8/15/2022 11:03,2,2
BUUAT000000000045504,LS_IUW,,,Floating,,,8/15/2022 11:22,2,2
BUUAT000000000045505,LS_PROCS,,,Floating,,,8/15/2022 11:37,2,2
BUUAT000000000045506,LS_NLC,,,Floating,,,8/15/2022 14:03,2,2
BUUAT000000000045507,LS_PROCS,,,Floating,,,8/15/2022 17:58,2,2
BUUAT000000000045508,LS_WDRN,,,Floating,,,8/15/2022 16:31,2,2
BUUAT000000000045509,LS_DENYD,,,Floating,,,8/16/2022 16:26,2,2
BUUAT000000000045510,LS_PROCS,,,Floating,,,8/15/2022 23:00,2,2
BUUAT000000000045511,,,,,,,,2,2
BUUAT000000000045512,LS_IUW,,,Floating,,,8/16/2022 5:30,2,2
BUUAT000000000045513,,,,,,,,2,2
BUUAT000000000045514,LS_PROCS,,,Floating,,,8/16/2022 6:39,2,2
BUUAT000000000045515,,,,,,,,2,2
BUUAT000000000045516,LS_PROCS,,,Floating,,,8/16/2022 7:04,2,2
BUUAT000000000045517,LS_IUW,,,Floating,,,8/16/2022 9:38,2,2
BUUAT000000000045518,LS_PROCS,,,Floating,,,8/16/2022 9:54,2,2
BUUAT000000000045519,LS_PROCS,,,Floating,,,8/16/2022 12:19,2,2
BUUAT000000000045520,LS_IUW,,,Floating,,,8/16/2022 12:41,2,2
BUUAT000000000045521,LS_PROCS,,,Floating,,,8/16/2022 12:53,2,2
BUUAT000000000045522,LS_ORGLN,,,Floating,,,8/17/2022 5:43,2,2
BUUAT000000000045523,,,,,,,,2,2
BUUAT000000000045524,LS_IUW,,,Floating,,,8/18/2022 7:57,2,2
BUUAT000000000045525,LS_PROCS,,,Floating,,,8/18/2022 8:10,2,2
BUUAT000000000045526,LS_PROCS,,,,,,8/18/2022 9:45,2,2
BUUAT000000000045527,LS_PROCS,,,Floating,,,8/18/2022 7:27,2,2
BUUAT000000000045528,LS_NLC,,,Floating,,,8/18/2022 7:50,2,2
BUUAT000000000045529,LS_PROCS,,,Floating,,,8/18/2022 9:19,2,2
BUUAT000000000045530,LS_WDRN,,,Floating,,,9/22/2022 12:34,2,2
BUUAT000000000045531,LS_WDRN,,,Floating,,,9/22/2022 12:35,2,2
BUUAT000000000045532,LS_NLC,,,Floating,,,8/23/2022 8:57,2,2
BUUAT000000000045533,LS_NLC,,,Floating,,,8/23/2022 22:44,2,2
BUUAT000000000045534,LS_NLC,,,Floating,,,8/23/2022 23:00,2,2
BUUAT000000000045535,LS_IUW,,,Floating,,,8/23/2022 4:21,2,2
BUUAT000000000045536,LS_IUW,,,Floating,,,8/23/2022 4:30,2,2
BUUAT000000000045537,LS_NLC,,,Floating,,,8/24/2022 10:18,2,2
BUUAT000000000045538,LS_NLC,,,Floating,,,8/25/2022 3:57,2,2
BUUAT000000000045539,LS_HMDA,,,Floating,,,8/26/2022 6:07,2,2
BUUAT000000000045540,LS_IUW,,,,,,8/27/2022 3:08,2,2
BUUAT000000000045541,LS_IUW,,,Floating,,,8/28/2022 8:15,2,2
BUUAT000000000045542,LS_IUW,,,Floating,,,8/29/2022 10:03,2,2
BUUAT000000000045543,LS_NLC,,,Floating,,,8/30/2022 4:53,2,2
BUUAT000000000045544,LS_NLC,,,Floating,,,8/30/2022 5:02,2,2
BUUAT000000000045545,LS_ORGLN,,,,,,9/2/2022 11:49,2,2
BUUAT000000000045546,LS_IUW,,,,,,9/2/2022 19:20,2,2
BUUAT000000000045547,LS_PROCS,,,,,,9/6/2022 12:00,2,2
BUUAT000000000045548,,,,,,,,2,2
BUUAT000000000045549,,,,,,,,2,2
BUUAT000000000045550,,,,,,,,2,2
BUUAT000000000045551,,,,,,,,2,2
BUUAT000000000045552,LS_PROCS,,,Floating,,,9/8/2022 12:47,2,2
BUUAT000000000045553,LS_PROCS,,,,,,9/8/2022 13:12,2,2
BUUAT000000000045554,LS_DENYD,,,Floating,,,9/8/2022 15:36,2,2
BUUAT000000000045555,,,,,,,11/1/2022 0:05,2,2
BUUAT000000000045556,LS_DENYD,,,Floating,,,9/8/2022 15:40,2,2
BUUAT000000000045557,LS_PROCS,,,Floating,,,9/8/2022 15:51,2,2
BUUAT000000000045558,LS_PROCS,,,Floating,,,9/8/2022 15:56,2,2
BUUAT000000000045559,LS_PROCS,,,Floating,,,9/8/2022 16:06,2,2
BUUAT000000000045560,LS_PROCS,,,Floating,,,9/8/2022 16:18,2,2
BUUAT000000000045561,LS_CCO,,,Floating,,,9/8/2022 18:27,2,2
BUUAT000000000045562,LS_CCO,,,Floating,,,9/9/2022 11:10,2,2
BUUAT000000000045563,LS3APRVD,,,Floating,,,9/9/2022 17:36,2,2
BUUAT000000000045564,,,,,,,11/1/2022 6:40,2,2
BUUAT000000000045565,LS_IUW,,,,,,9/8/2022 15:59,2,2
BUUAT000000000045566,LS3APRVD,,,Floating,,,9/14/2022 17:26,2,2
BUUAT000000000045567,,,,,,,11/1/2022 6:40,2,2
BUUAT000000000045568,,,,,,,11/1/2022 6:40,2,2
BUUAT000000000045569,,,,,,,11/1/2022 6:41,2,2
BUUAT000000000045570,,,,,,,11/1/2022 10:42,2,2
BUUAT000000000045571,LS_IUW,,,,,,9/8/2022 16:06,2,2
BUUAT000000000045572,LS_NLC,,,Floating,,,9/14/2022 9:50,2,2
BUUAT000000000045573,,,,,,,11/1/2022 10:42,2,2
BUUAT000000000045574,LS_IUW,,,,,,9/8/2022 16:08,2,2
BUUAT000000000045575,,,,,,,11/1/2022 10:42,2,2
BUUAT000000000045576,,,,,,,11/1/2022 10:43,2,2
BUUAT000000000045577,,,,,,,11/1/2022 10:43,2,2
BUUAT000000000045578,LS_NLC,,,Floating,,,9/14/2022 9:36,2,2
BUUAT000000000045579,LS_NLC,,,Floating,,,9/14/2022 9:59,2,2
BUUAT000000000045580,LS_IUW,,,,,,9/8/2022 16:13,2,2
BUUAT000000000045581,LS_IUW,,,,,,9/8/2022 16:14,2,2
BUUAT000000000045582,LS_IUW,,,Floating,,,9/8/2022 16:14,2,2
BUUAT000000000045583,LS_IUW,,,,,,9/8/2022 16:14,2,2
BUUAT000000000045584,,,,,,,11/2/2022 5:18,2,2
BUUAT000000000045585,,,,,,,11/2/2022 5:18,2,2
BUUAT000000000045586,LS_NLC,,,Floating,,,9/13/2022 10:36,2,2
BUUAT000000000045587,LS_NLC,,,Floating,,,9/12/2022 2:09,2,2
BUUAT000000000045588,LS_NLC,,,Floating,,,9/28/2022 7:38,2,2
BUUAT000000000045589,LS_NLC,,,Floating,,,9/27/2022 16:19,2,2
BUUAT000000000045590,LS_NLC,,,Floating,,,9/13/2022 10:57,2,2
BUUAT000000000045591,LS_NLC,,,Floating,,,9/13/2022 11:22,2,2
BUUAT000000000045592,,,,,,,11/4/2022 0:05,2,2
BUUAT000000000045593,,,,,,,11/4/2022 0:05,2,2
BUUAT000000000045594,,,,,,,11/4/2022 0:05,2,2
BUUAT000000000045595,,,,,,,11/4/2022 0:05,2,2
BUUAT000000000045596,LS_NLC,,,Floating,,,9/13/2022 11:29,2,2
BUUAT000000000045597,,,,,,,11/4/2022 0:06,2,2
BUUAT000000000045598,LS_PROCS,,,Floating,,,9/12/2022 14:17,2,2
BUUAT000000000045599,LS_NLC,,,Floating,,,9/27/2022 16:24,2,2
BUUAT000000000045600,LS_PROCS,,,Floating,,,9/16/2022 6:11,2,2
BUUAT000000000045601,LS_PROCS,,,Floating,,,9/15/2022 18:06,2,2
BUUAT000000000045602,LS_IUW,,,Floating,,,9/16/2022 15:25,2,2
BUUAT000000000045603,LS_PROCS,,,Floating,,,9/16/2022 15:29,2,2
BUUAT000000000045604,LS_PROCS,,,,,,9/16/2022 16:11,2,2
BUUAT000000000045605,LS_IUW,,,Floating,,,9/16/2022 17:09,2,2
BUUAT000000000045606,LS_ORGLN,,,Floating,,,9/16/2022 17:16,2,2
BUUAT000000000045607,LS_ORGLN,,,Floating,,,9/16/2022 17:16,2,2
BUUAT000000000045608,LS_IUW,,,Floating,,,9/16/2022 19:18,2,2
BUUAT000000000045609,LS_IUW,,,Floating,,,9/16/2022 19:24,2,2
BUUAT000000000045610,LS_IUW,,,Floating,,,9/16/2022 19:34,2,2
BUUAT000000000045611,LS_IUW,,,Floating,,,9/16/2022 19:34,2,2
BUUAT000000000045612,LS_IUW,,,Floating,,,9/16/2022 19:55,2,2
BUUAT000000000045613,LS_PROCS,,,Floating,,,9/19/2022 11:29,2,2
BUUAT000000000045614,LS_PROCS,,,Floating,,,9/19/2022 11:55,2,2
BUUAT000000000045615,LS_IUW,,,,,,9/19/2022 12:22,2,2
BUUAT000000000045616,LS_PROCS,,,Floating,,,9/19/2022 12:46,2,2
BUUAT000000000045617,LS_IUW,,,Floating,,,9/19/2022 13:11,2,2
BUUAT000000000045618,LS_IUW,,,Floating,,,9/19/2022 13:29,2,2
BUUAT000000000045619,LS_IUW,,,,,,9/19/2022 13:49,2,2
BUUAT000000000045620,LS_PROCS,,,Floating,,,9/19/2022 14:19,2,2
BUUAT000000000045621,LS_HMDA,,,Floating,,,9/19/2022 14:46,2,2
BUUAT000000000045622,LS_IUW,,,,,,9/19/2022 15:59,2,2
BUUAT000000000045623,LS_IUW,,,Floating,,,9/19/2022 16:55,2,2
BUUAT000000000045624,LS_PROCS,,,Floating,,,9/19/2022 17:53,2,2
BUUAT000000000045625,LS_PROCS,,,,,,9/19/2022 20:11,2,2
BUUAT000000000045626,LS_IUW,,,,,,9/20/2022 12:18,2,2
BUUAT000000000045627,LS_IUW,,,Floating,,,9/20/2022 12:28,2,2
BUUAT000000000045628,LS_PROCS,,,,,,9/20/2022 12:38,2,2
BUUAT000000000045629,LS_PROCS,,,,,,9/20/2022 12:55,2,2
BUUAT000000000045630,LS_PROCS,,,,,,9/20/2022 13:11,2,2
BUUAT000000000045631,LS_PROCS,,,Floating,,,9/20/2022 13:28,2,2
BUUAT000000000045632,LS_PROCS,,,,,,9/20/2022 14:32,2,2
BUUAT000000000045633,LS_IUW,,,,,,9/20/2022 14:34,2,2
BUUAT000000000045634,LS_PROCS,,,Floating,,,9/20/2022 14:48,2,2
BUUAT000000000045635,LS_PROCS,,,,,,9/20/2022 15:01,2,2
BUUAT000000000045636,LS_PROCS,,,Floating,,,9/20/2022 15:01,2,2
BUUAT000000000045637,LS_PROCS,,,Floating,,,9/20/2022 19:46,2,2
BUUAT000000000045638,LS_IUW,,,Floating,,,9/21/2022 12:34,2,2
BUUAT000000000045639,LS_PROCS,,,Floating,,,9/21/2022 13:08,2,2
BUUAT000000000045640,LS_IUW,,,Floating,,,9/21/2022 15:43,2,2
BUUAT000000000045641,LS_PROCS,,,Floating,,,9/21/2022 17:46,2,2
BUUAT000000000045642,LS_IUW,,,,,,9/21/2022 18:20,2,2
BUUAT000000000045643,LS_PROCS,,,,,,9/21/2022 18:27,2,2
BUUAT000000000045644,LS_PROCS,,,,,,9/21/2022 20:44,2,2
BUUAT000000000045645,LS_PROCS,,,Floating,,,9/21/2022 21:00,2,2
BUUAT000000000045646,LS_IUW,,,,,,9/21/2022 21:14,2,2
BUUAT000000000045647,LS_PROCS,,,Floating,,,9/21/2022 21:40,2,2
BUUAT000000000045648,LS_PROCS,,,,,,9/21/2022 22:09,2,2
BUUAT000000000045649,LS_IUW,,,Floating,,,9/21/2022 22:33,2,2
BUUAT000000000045650,LS_PROCS,,,Floating,,,11/4/2022 19:17,2,2
BUUAT000000000045651,LS_PROCS,,,Floating,,,9/21/2022 22:51,2,2
BUUAT000000000045652,LS_PROCS,,,Floating,,,9/21/2022 23:19,2,2
BUUAT000000000045653,LS_IUW,,,Floating,,,9/22/2022 12:02,2,2
BUUAT000000000045654,LS_IUW,,,Floating,,,9/22/2022 12:29,2,2
BUUAT000000000045655,LS_ORGLN,,,Floating,,,9/22/2022 12:36,2,2
BUUAT000000000045656,LS_PROCS,,,Floating,,,9/22/2022 12:44,2,2
BUUAT000000000045657,LS_PROCS,,,Floating,,,9/22/2022 12:56,2,2
BUUAT000000000045658,LS_IUW,,,,,,9/22/2022 13:01,2,2
BUUAT000000000045659,LS_PROCS,,,,,,9/22/2022 13:06,2,2
BUUAT000000000045660,LS_PROCS,,,,,,9/22/2022 13:16,2,2
BUUAT000000000045661,,,,,,,,2,2
BUUAT000000000045662,LS_IUW,,,,,,9/22/2022 13:49,2,2
BUUAT000000000045663,LS_PROCS,,,,,,9/22/2022 13:49,2,2
BUUAT000000000045664,LS_IUW,,,,,,9/22/2022 13:55,2,2
BUUAT000000000045665,LS_PROCS,,,,,,9/22/2022 14:00,2,2
BUUAT000000000045666,LS_IUW,,,,,,9/22/2022 14:07,2,2
BUUAT000000000045667,LS_PROCS,,,Floating,,,10/4/2022 13:33,2,2
BUUAT000000000045668,LS_PROCS,,,Floating,,,9/22/2022 14:22,2,2
BUUAT000000000045669,LS_PROCS,,,Floating,,,9/22/2022 14:29,2,2
BUUAT000000000045670,LS_IUW,,,,,,9/22/2022 14:32,2,2
BUUAT000000000045671,LS_IUW,,,Floating,,,9/22/2022 14:48,2,2
BUUAT000000000045672,LS_IUW,,,,,,9/22/2022 15:12,2,2
BUUAT000000000045673,LS_IUW,,,Floating,,,9/22/2022 16:10,2,2
BUUAT000000000045674,LS_IUW,,,Floating,,,9/22/2022 16:16,2,2
BUUAT000000000045675,LS_IUW,,,Floating,,,9/22/2022 16:29,2,2
BUUAT000000000045676,LS_PROCS,,,,,,9/22/2022 17:15,2,2
BUUAT000000000045677,LS_IUW,,,,,,9/22/2022 17:23,2,2
BUUAT000000000045678,LS_PROCS,,,,,,9/22/2022 17:30,2,2
BUUAT000000000045679,LS_IUW,,,,,,9/22/2022 18:19,2,2
BUUAT000000000045680,LS_IUW,,,Floating,,,9/22/2022 19:02,2,2
BUUAT000000000045681,LS_IUW,,,Floating,,,9/22/2022 19:28,2,2
BUUAT000000000045682,LS_PROCS,,,,,,9/22/2022 20:13,2,2
BUUAT000000000045683,LS_IUW,,,Floating,,,9/22/2022 20:31,2,2
BUUAT000000000045684,LS_IUW,,,,,,9/22/2022 20:53,2,2
BUUAT000000000045685,LS_IUW,,,,,,9/22/2022 21:12,2,2
BUUAT000000000045686,LS_PROCS,,,,,,9/23/2022 12:24,2,2
BUUAT000000000045687,LS_PROCS,,,,,,9/23/2022 12:33,2,2
BUUAT000000000045688,LS_IUW,,,Floating,,,9/23/2022 12:53,2,2
BUUAT000000000045689,LS_IUW,,,,,,9/23/2022 13:14,2,2
BUUAT000000000045690,LS_NLC,,,,,,9/27/2022 14:49,2,2
BUUAT000000000045691,LS_IUW,,,,,,9/23/2022 13:25,2,2
BUUAT000000000045692,LS_PROCS,,,Floating,,,9/23/2022 13:26,2,2
BUUAT000000000045693,LS_IUW,,,Floating,,,9/23/2022 13:33,2,2
BUUAT000000000045694,LS_IUW,,,,,,9/23/2022 13:35,2,2
BUUAT000000000045695,LS_PROCS,,,,,,9/23/2022 13:39,2,2
BUUAT000000000045696,,,,,,,,2,2
BUUAT000000000045697,LS_PROCS,,,,,,9/23/2022 13:59,2,2
BUUAT000000000045698,LS_PROCS,,,,,,9/23/2022 14:14,2,2
BUUAT000000000045699,,,,,,,,2,2
BUUAT000000000045700,LS_PROCS,,,,,,9/23/2022 14:27,2,2
BUUAT000000000045701,LS_PROCS,,,,,,9/23/2022 14:36,2,2
BUUAT000000000045702,LS_PROCS,,,,,,9/23/2022 14:38,2,2
BUUAT000000000045703,LS_PROCS,,,,,,9/23/2022 14:41,2,2
BUUAT000000000045704,LS_IUW,,,Floating,,,9/23/2022 14:44,2,2
BUUAT000000000045705,LS_PROCS,,,Floating,,,10/5/2022 13:16,2,2
BUUAT000000000045706,LS_PROCS,,,Floating,,,9/23/2022 14:59,2,2
BUUAT000000000045707,,,,,,,,2,2
BUUAT000000000045708,LS_IUW,,,Floating,,,9/23/2022 15:19,2,2
BUUAT000000000045709,LS_PROCS,,,,,,9/23/2022 15:26,2,2
BUUAT000000000045710,LS_PROCS,,,Floating,,,9/23/2022 15:28,2,2
BUUAT000000000045711,LS_IUW,,,Floating,,,9/23/2022 16:36,2,2
BUUAT000000000045712,,,,,,,,2,2
BUUAT000000000045713,LS_PROCS,,,Floating,,,9/23/2022 16:49,2,2
BUUAT000000000045714,LS_PROCS,,,Floating,,,10/5/2022 13:47,2,2
BUUAT000000000045715,LS_PROCS,,,Floating,,,9/23/2022 16:55,2,2
BUUAT000000000045716,LS_PROCS,,,Floating,,,9/23/2022 17:02,2,2
BUUAT000000000045717,LS_IUW,,,Floating,,,9/23/2022 17:03,2,2
BUUAT000000000045718,LS_PROCS,,,Floating,,,9/23/2022 17:08,2,2
BUUAT000000000045719,LS_NLC,,,Floating,,,9/26/2022 14:52,2,2
BUUAT000000000045720,LS_IUW,,,Floating,,,9/23/2022 17:14,2,2
BUUAT000000000045721,LS_PROCS,,,Floating,,,9/23/2022 17:21,2,2
BUUAT000000000045722,LS_PROCS,,,Floating,,,9/23/2022 17:21,2,2
BUUAT000000000045723,LS_IUW,,,Floating,,,9/23/2022 17:23,2,2
BUUAT000000000045724,LS_IUW,,,Floating,,,9/23/2022 17:24,2,2
BUUAT000000000045725,LS_PROCS,,,Floating,,,9/23/2022 17:52,2,2
BUUAT000000000045726,LS_PROCS,,,Floating,,,9/23/2022 18:05,2,2
BUUAT000000000045727,LS_IUW,,,Floating,,,9/23/2022 18:06,2,2
BUUAT000000000045728,LS_IUW,,,Floating,,,9/23/2022 18:15,2,2
BUUAT000000000045729,LS_PROCS,,,Floating,,,9/23/2022 18:17,2,2
BUUAT000000000045730,LS_PROCS,,,Floating,,,9/23/2022 18:27,2,2
BUUAT000000000045731,LS_COPND,,,Floating,,,10/5/2022 13:51,2,2
BUUAT000000000045732,LS_IUW,,,Floating,,,9/23/2022 18:55,2,2
BUUAT000000000045733,LS_PROCS,,,Floating,,,9/23/2022 19:29,2,2
BUUAT000000000045734,LS_IUW,,,Floating,,,9/23/2022 19:42,2,2
BUUAT000000000045735,LS_PROCS,,,,,,9/23/2022 19:53,2,2
BUUAT000000000045736,LS_PROCS,,,Floating,,,9/23/2022 20:22,2,2
BUUAT000000000045737,LS_IUW,,,Floating,,,9/23/2022 20:40,2,2
BUUAT000000000045738,LS_PROCS,,,Floating,,,9/23/2022 20:54,2,2
BUUAT000000000045739,LS_IUW,,,Floating,,,9/23/2022 21:12,2,2
BUUAT000000000045740,LS_PROCS,,,Floating,,,9/23/2022 21:20,2,2
BUUAT000000000045741,,,,,,,,2,2
BUUAT000000000045742,LS_WDRN,,,Floating,,,9/29/2022 14:49,2,2
BUUAT000000000045743,LS_IUW,,,,,,9/26/2022 16:58,2,2
BUUAT000000000045744,LS_PROCS,,,Floating,,,9/27/2022 10:14,2,2
BUUAT000000000045745,LS_PROCS,,,Floating,,,9/27/2022 10:20,2,2
BUUAT000000000045746,LS_PROCS,,,Floating,,,9/27/2022 12:40,2,2
BUUAT000000000045747,LS_PROCS,,,,,,9/27/2022 13:44,2,2
BUUAT000000000045748,LS_NLC,,,Floating,,,9/27/2022 16:26,2,2
BUUAT000000000045749,LS_PROCS,,,Floating,,,9/27/2022 16:08,2,2
BUUAT000000000045750,,,,,,,,2,2
BUUAT000000000045751,LS_IUW,,,Floating,,,9/27/2022 16:51,2,2
BUUAT000000000045752,LS_PROCS,,,Floating,,,9/27/2022 16:53,2,2
BUUAT000000000045753,LS_PROCS,,,Floating,,,9/27/2022 16:52,2,2
BUUAT000000000045754,LS_IUW,,,Floating,,,9/27/2022 17:41,2,2
BUUAT000000000045755,LS_IUW,,,,,,9/27/2022 18:20,2,2
BUUAT000000000045756,,,,,,,,2,2
BUUAT000000000045757,LS_PROCS,,,,,,9/27/2022 18:44,2,2
BUUAT000000000045758,,,,,,,,2,2
BUUAT000000000045759,LS_PROCS,,,,,,9/28/2022 0:14,2,2
BUUAT000000000045760,,,,,,,,2,2
BUUAT000000000045761,,,,,,,,2,2
BUUAT000000000045762,LS_PROCS,,,Floating,,,9/28/2022 17:47,2,2
BUUAT000000000045763,LS_PROCS,,,Floating,,,9/28/2022 19:29,2,2
BUUAT000000000045764,LS_IUW,,,Floating,,,9/28/2022 19:43,2,2
BUUAT000000000045765,LS_IUW,,,Floating,,,9/29/2022 13:11,2,2
BUUAT000000000045766,LS_IUW,,,Floating,,,9/29/2022 13:11,2,2
BUUAT000000000045767,LS_PROCS,,,,,,9/29/2022 13:36,2,2
BUUAT000000000045768,LS_PROCS,,,Floating,,,9/29/2022 13:36,2,2
BUUAT000000000045769,LS_IUW,,,Floating,,,9/29/2022 13:52,2,2
BUUAT000000000045770,LS_IUW,,,Floating,,,9/29/2022 13:54,2,2
BUUAT000000000045771,LS_IUW,,,Floating,,,9/29/2022 13:55,2,2
BUUAT000000000045772,LS_PROCS,,,Floating,,,9/29/2022 14:13,2,2
BUUAT000000000045773,LS_IUW,,,Floating,,,9/29/2022 14:14,2,2
BUUAT000000000045774,LS_IUW,,,Floating,,,9/29/2022 14:16,2,2
BUUAT000000000045775,LS_PROCS,,,,,,9/29/2022 16:29,2,2
BUUAT000000000045776,,,,,,,,2,2
BUUAT000000000045777,,,,,,,,2,2
BUUAT000000000045778,LS_PROCS,,,Floating,,,9/30/2022 12:41,2,2
BUUAT000000000045779,LS_IUW,,,Floating,,,9/30/2022 16:37,2,2
BUUAT000000000045780,LS_IUW,,,Floating,,,9/30/2022 18:09,2,2
BUUAT000000000045781,LS_IUW,,,Floating,,,9/30/2022 18:24,2,2
BUUAT000000000045782,LS_IUW,,,,,,9/30/2022 18:47,2,2
BUUAT000000000045783,LS_PROCS,,,Floating,,,9/30/2022 19:49,2,2
BUUAT000000000045784,,,,,,,,2,2
BUUAT000000000045785,LS_IUW,,,,,,10/4/2022 13:17,2,2
BUUAT000000000045786,LS_IUW,,,Floating,,,10/4/2022 13:50,2,2
BUUAT000000000045787,LS_PROCS,,,Floating,,,10/4/2022 13:58,2,2
BUUAT000000000045788,,,,,,,,2,2
BUUAT000000000045789,LS_PROCS,,,Floating,,,10/4/2022 17:22,2,2
BUUAT000000000045790,LS_UW,,,Floating,,,10/5/2022 17:33,2,2
BUUAT000000000045791,LS_IUW,,,Floating,,,10/6/2022 13:27,2,2
BUUAT000000000045792,,,,,,,,2,2
BUUAT000000000045793,LS_ORGLN,,,Floating,,,10/7/2022 14:02,2,2
BUUAT000000000045794,LS_ORGLN,,,Floating,,,10/7/2022 14:02,2,2
BUUAT000000000045795,,,,Floating,,,10/10/2022 0:57,2,2
BUUAT000000000045796,LS_PROCS,,,Floating,,,10/8/2022 12:15,2,2
BUUAT000000000045797,LS_PROCS,,,,,,10/8/2022 12:18,2,2
BUUAT000000000045798,LS_PROCS,,,Floating,,,10/8/2022 12:26,2,2
BUUAT000000000045799,LS_PROCS,,,Floating,,,10/8/2022 12:27,2,2
BUUAT000000000045800,LS_PROCS,,,Floating,,,10/9/2022 0:53,2,2
BUUAT000000000045801,LS_PROCS,,,,,,10/9/2022 16:42,2,2
BUUAT000000000045802,LS_PROCS,,,Floating,,,10/10/2022 1:43,2,2
BUUAT000000000045803,LS_PROCS,,,,,,10/10/2022 1:58,2,2
BUUAT000000000045804,LS_PROCS,,,,,,10/10/2022 2:04,2,2
BUUAT000000000045805,LS_PROCS,,,Floating,,,10/10/2022 2:46,2,2
BUUAT000000000045806,LS_NLC,,,Floating,,,10/10/2022 4:15,2,2
BUUAT000000000045807,LS_IUW,,,,,,10/10/2022 3:19,2,2
BUUAT000000000045808,,,,,,,,2,2
BUUAT000000000045809,LS_IUW,,,Floating,,,10/10/2022 3:26,2,2
BUUAT000000000045810,LS_IUW,,,,,,10/10/2022 3:33,2,2
BUUAT000000000045811,LS_PROCS,,,Floating,,,10/10/2022 3:39,2,2
BUUAT000000000045812,LS_IUW,,,Floating,,,10/10/2022 3:42,2,2
BUUAT000000000045813,LS_HMDA,,,Floating,,,10/10/2022 10:52,2,2
BUUAT000000000045814,LS_PROCS,,,Floating,,,10/10/2022 3:58,2,2
BUUAT000000000045815,,,,,,,,2,2
BUUAT000000000045816,LS_IUW,,,,,,10/10/2022 4:34,2,2
BUUAT000000000045817,LS_PROCS,,,Floating,,,10/10/2022 4:40,2,2
BUUAT000000000045818,LS_IUW,,,,,,10/10/2022 4:43,2,2
BUUAT000000000045819,LS_IUW,,,,,,10/10/2022 4:43,2,2
BUUAT000000000045820,LS_IUW,,,,,,10/10/2022 4:43,2,2
BUUAT000000000045821,LS_IUW,,,,,,10/10/2022 4:43,2,2
BUUAT000000000045822,LS_IUW,,,,,,10/10/2022 4:55,2,2
BUUAT000000000045823,LS_IUW,,,,,,10/10/2022 5:10,2,2
BUUAT000000000045824,LS_PROCS,,,Floating,,,10/10/2022 5:21,2,2
BUUAT000000000045825,LS_PROCS,,,,,,10/10/2022 5:29,2,2
BUUAT000000000045826,LS_IUW,,,,,,10/10/2022 5:31,2,2
BUUAT000000000045827,LS_IUW,,,,,,10/10/2022 5:33,2,2
BUUAT000000000045828,LS_IUW,,,,,,10/10/2022 5:34,2,2
BUUAT000000000045829,LS_IUW,,,,,,10/10/2022 5:34,2,2
BUUAT000000000045830,LS_IUW,,,,,,10/10/2022 5:35,2,2
BUUAT000000000045831,LS_IUW,,,,,,10/10/2022 5:37,2,2
BUUAT000000000045832,LS_IUW,,,,,,10/10/2022 5:38,2,2
BUUAT000000000045833,LS_IUW,,,Floating,,,10/10/2022 5:39,2,2
BUUAT000000000045834,LS_IUW,,,Floating,,,10/10/2022 5:55,2,2
BUUAT000000000045835,LS_PROCS,,,Floating,,,10/10/2022 6:01,2,2
BUUAT000000000045836,LS_IUW,,,Floating,,,10/10/2022 6:29,2,2
BUUAT000000000045837,LS_IUW,,,,,,10/10/2022 6:40,2,2
BUUAT000000000045838,LS_IUW,,,,,,10/10/2022 7:11,2,2
BUUAT000000000045839,LS_IUW,,,Floating,,,10/10/2022 7:16,2,2
BUUAT000000000045840,LS_PROCS,,,,,,10/10/2022 7:30,2,2
BUUAT000000000045841,LS_PROCS,,,,,,10/10/2022 7:31,2,2
BUUAT000000000045842,LS_PROCS,,,,,,10/10/2022 8:20,2,2
BUUAT000000000045843,LS_PROCS,,,,,,10/10/2022 8:30,2,2
BUUAT000000000045844,LS_PROCS,,,Floating,,,10/10/2022 8:40,2,2
BUUAT000000000045845,LS_IUW,,,,,,10/10/2022 8:42,2,2
BUUAT000000000045846,LS_PROCS,,,Floating,,,10/10/2022 9:15,2,2
BUUAT000000000045847,LS_IUW,,,,,,10/10/2022 9:17,2,2
BUUAT000000000045848,LS_IUW,,,Floating,,,10/10/2022 9:52,2,2
BUUAT000000000045849,LS_IUW,,,Floating,,,10/10/2022 10:05,2,2
BUUAT000000000045850,LS_PROCS,,,,,,10/10/2022 10:30,2,2
BUUAT000000000045851,,,,,,,,2,2
BUUAT000000000045852,LS_IUW,,,,,,10/10/2022 11:08,2,2
BUUAT000000000045853,LS_IUW,,,,,,10/10/2022 11:24,2,2
BUUAT000000000045854,LS_IUW,,,,,,10/10/2022 11:30,2,2
BUUAT000000000045855,LS_PROCS,,,,,,10/10/2022 12:01,2,2
BUUAT000000000045856,LS_IUW,,,,,,10/10/2022 13:29,2,2
BUUAT000000000045857,LS_CLOSE,,,Floating,,,10/10/2022 16:39,2,2
BUUAT000000000045858,LS_PROCS,,,Floating,,,10/10/2022 17:09,2,2
BUUAT000000000045859,LS_PROCS,,,Floating,,,10/10/2022 17:12,2,2
BUUAT000000000045860,LS_PROCS,,,Floating,,,10/10/2022 17:49,2,2
BUUAT000000000045861,LS_PROCS,,,Floating,,,10/10/2022 18:31,2,2
BUUAT000000000045862,LS_PROCS,,,Floating,,,10/10/2022 19:10,2,2
BUUAT000000000045863,LS_PROCS,,,,,,10/10/2022 19:13,2,2
BUUAT000000000045864,LS_PROCS,,,Floating,,,10/10/2022 21:25,2,2
BUUAT000000000045865,LS_PROCS,,,Floating,,,10/10/2022 23:15,2,2
BUUAT000000000045866,LS_PROCS,,,Floating,,,10/10/2022 23:17,2,2
BUUAT000000000045867,LS_PROCS,,,Floating,,,10/11/2022 1:47,2,2
BUUAT000000000045868,LS_PROCS,,,Floating,,,10/11/2022 2:13,2,2
BUUAT000000000045869,LS_CLOSE,,,Floating,,,10/11/2022 2:30,2,2
BUUAT000000000045870,LS_PROCS,,,Floating,,,10/11/2022 2:02,2,2
BUUAT000000000045871,LS_PROCS,,,Floating,,,10/11/2022 2:04,2,2
BUUAT000000000045872,LS_PROCS,,,Floating,,,10/11/2022 2:46,2,2
BUUAT000000000045873,LS_IUW,,,Floating,,,10/11/2022 2:21,2,2
BUUAT000000000045874,LS_IUW,,,Floating,,,10/11/2022 2:34,2,2
BUUAT000000000045875,LS_IUW,,,Floating,,,10/11/2022 2:49,2,2
BUUAT000000000045876,LS_IUW,,,Floating,,,10/11/2022 3:09,2,2
BUUAT000000000045877,LS_IUW,,,Floating,,,10/11/2022 5:56,2,2
BUUAT000000000045878,LS_IUW,,,,,,10/11/2022 11:26,2,2
BUUAT000000000045879,LS_IUW,,,Floating,,,10/11/2022 11:33,2,2
BUUAT000000000045880,LS_PROCS,,,,,,10/11/2022 13:05,2,2
BUUAT000000000045881,LS_IUW,,,Floating,,,10/11/2022 13:52,2,2
BUUAT000000000045882,,,,,,,,2,2
BUUAT000000000045883,LS_PROCS,,,,,,10/11/2022 16:33,2,2
BUUAT000000000045884,,,,,,,,2,2
BUUAT000000000045885,LS_PROCS,,,,,,10/11/2022 17:31,2,2
BUUAT000000000045886,LS_PROCS,,,,,,10/11/2022 18:04,2,2
BUUAT000000000045887,LS_IUW,,,,,,10/12/2022 2:21,2,2
BUUAT000000000045888,,,,,,,,2,2
BUUAT000000000045889,LS_PROCS,,,Locked,,,10/12/2022 5:16,2,2
BUUAT000000000045890,LS_PROCS,,,,,,10/12/2022 10:22,2,2
BUUAT000000000045891,LS_PROCS,,,,,,10/12/2022 10:26,2,2
BUUAT000000000045892,LS_PROCS,,,Floating,,,10/12/2022 16:59,2,2
BUUAT000000000045893,LS_PROCS,,,Floating,,,10/12/2022 15:26,2,2
BUUAT000000000045894,LS_PROCS,,,,,,10/12/2022 15:28,2,2
BUUAT000000000045895,LS_PROCS,,,Floating,,,10/12/2022 15:33,2,2
BUUAT000000000045896,LS_PROCS,,,Floating,,,10/12/2022 16:20,2,2
BUUAT000000000045897,LS_PROCS,,,Floating,,,10/12/2022 16:22,2,2
BUUAT000000000045898,LS_PROCS,,,Floating,,,10/12/2022 16:33,2,2
BUUAT000000000045899,LS_PROCS,,,Floating,,,10/12/2022 16:51,2,2
BUUAT000000000045900,LS_PROCS,,,Floating,,,10/12/2022 16:54,2,2
BUUAT000000000045901,LS_PROCS,,,,,,10/12/2022 16:56,2,2
BUUAT000000000045902,LS_PROCS,,,Floating,,,10/12/2022 16:58,2,2
BUUAT000000000045903,LS_COPND,,,Floating,,,10/19/2022 19:30,2,2
BUUAT000000000045904,LS_PROCS,,,,,,10/12/2022 17:03,2,2
BUUAT000000000045905,LS_PROCS,,,,,,10/12/2022 17:07,2,2
BUUAT000000000045906,LS_PROCS,,,Floating,,,10/26/2022 15:10,2,2
BUUAT000000000045907,LS_PROCS,,,,,,10/12/2022 17:15,2,2
BUUAT000000000045908,LS_COPND,,,Floating,,,10/25/2022 19:45,2,2
BUUAT000000000045909,LS_PROCS,,,,,,10/12/2022 17:20,2,2
BUUAT000000000045910,LS_IUW,,,Floating,,,10/12/2022 17:21,2,2
BUUAT000000000045911,LS_PROCS,,,,,,10/12/2022 17:28,2,2
BUUAT000000000045912,LS_PROCS,,,Floating,,,10/12/2022 17:31,2,2
BUUAT000000000045913,LS_COPND,,,Floating,,,10/27/2022 14:10,2,2
BUUAT000000000045914,LS_COPND,,,Floating,,,10/13/2022 19:38,2,2
BUUAT000000000045915,LS_PROCS,,,Floating,,,10/12/2022 18:50,2,2
BUUAT000000000045916,,,,,,,,2,2
BUUAT000000000045917,LS_PROCS,,,Floating,,,10/13/2022 14:10,2,2
BUUAT000000000045918,LS_PROCS,,,,,,10/13/2022 16:06,2,2
BUUAT000000000045919,LS_IUW,,,Floating,,,10/13/2022 17:01,2,2
BUUAT000000000045920,LS_PROCS,,,,,,10/17/2022 20:38,2,2
BUUAT000000000045921,LS_IUW,,,,,,10/17/2022 20:52,2,2
BUUAT000000000045922,LS_IUW,,,,,,10/17/2022 21:00,2,2
BUUAT000000000045923,LS_IUW,,,,,,10/17/2022 21:13,2,2
BUUAT000000000045924,LS_IUW,,,Floating,,,10/17/2022 21:25,2,2
BUUAT000000000045925,LS_PROCS,,,Floating,,,10/18/2022 12:03,2,2
BUUAT000000000045926,LS_PROCS,,,Floating,,,10/18/2022 12:12,2,2
BUUAT000000000045927,LS_IUW,,,Floating,,,10/18/2022 12:51,2,2
BUUAT000000000045928,,,,,,,,2,2
BUUAT000000000045929,LS_PROCS,,,Floating,,,10/18/2022 13:59,2,2
BUUAT000000000045930,LS_ORGLN,,,Floating,,,10/20/2022 14:24,2,2
BUUAT000000000045931,LS_ORGLN,,,Floating,,,10/20/2022 14:24,2,2
BUUAT000000000045932,LS_ORGLN,,,Floating,,,10/20/2022 14:24,2,2
BUUAT000000000045933,LS_PROCS,,,,,,10/20/2022 16:09,2,2
BUUAT000000000045934,LS_PROCS,,,,,,10/20/2022 16:10,2,2
BUUAT000000000045936,LS_PROCS,,,,,,10/20/2022 16:10,2,2
BUUAT000000000045937,LS_PROCS,,,,,,10/20/2022 16:10,2,2
BUUAT000000000045938,LS_IUW,,,Floating,,,10/20/2022 16:14,2,2
BUUAT000000000045939,LS_PROCS,,,Floating,,,10/20/2022 16:57,2,2
BUUAT000000000045940,LS_PROCS,,,Floating,,,10/20/2022 16:57,2,2
BUUAT000000000045941,LS_PROCS,,,Floating,,,10/20/2022 16:57,2,2
BUUAT000000000045942,LS_PROCS,,,Floating,,,10/20/2022 17:00,2,2
BUUAT000000000045943,LS_PROCS,,,Floating,,,10/20/2022 17:01,2,2
BUUAT000000000045944,LS_PROCS,,,Floating,,,10/20/2022 17:02,2,2
BUUAT000000000045945,LS_PROCS,,,Floating,,,10/20/2022 17:02,2,2
BUUAT000000000045946,LS_PROCS,,,Floating,,,10/20/2022 17:03,2,2
BUUAT000000000045947,LS_PROCS,,,Floating,,,10/20/2022 17:05,2,2
BUUAT000000000045948,LS_PROCS,,,Floating,,,10/20/2022 17:06,2,2
BUUAT000000000045949,LS_IUW,,,Floating,,,10/20/2022 17:07,2,2
BUUAT000000000045950,LS_PROCS,,,Floating,,,10/20/2022 17:08,2,2
BUUAT000000000045951,LS_PROCS,,,Floating,,,10/20/2022 17:08,2,2
BUUAT000000000045952,LS_PROCS,,,Floating,,,10/20/2022 17:09,2,2
BUUAT000000000045953,LS_IUW,,,Floating,,,10/20/2022 17:10,2,2
BUUAT000000000045954,LS_PROCS,,,Floating,,,10/20/2022 17:12,2,2
BUUAT000000000045955,LS_PROCS,,,Floating,,,10/20/2022 17:12,2,2
BUUAT000000000045956,LS_PROCS,,,,,,10/21/2022 2:17,2,2
BUUAT000000000045957,LS_IUW,,,Floating,,,10/21/2022 2:18,2,2
BUUAT000000000045958,LS_PROCS,,,Floating,,,10/21/2022 9:43,2,2
BUUAT000000000045959,LS_PROCS,,,Floating,,,10/24/2022 18:30,2,2
BUUAT000000000045960,LS_PROCS,,,,,,10/24/2022 18:37,2,2
BUUAT000000000045961,LS_PROCS,,,Floating,,,10/25/2022 3:59,2,2
BUUAT000000000045962,LS_PROCS,,,,,,10/25/2022 12:47,2,2
BUUAT000000000045963,LS_CCO,,,Floating,,,10/25/2022 18:14,2,2
BUUAT000000000045964,LS_CCO,,,Floating,,,10/25/2022 17:27,2,2
BUUAT000000000045965,LS_PROCS,,,,,,10/25/2022 17:14,2,2
BUUAT000000000045966,LS_DENYD,,,Floating,,,10/25/2022 17:46,2,2
BUUAT000000000045967,LS_PROCS,,,Floating,,,10/25/2022 18:29,2,2
BUUAT000000000045968,LS_PROCS,,,Floating,,,10/25/2022 18:16,2,2
BUUAT000000000045969,LS_PROCS,,,,,,10/25/2022 18:43,2,2
BUUAT000000000045970,LS_IUW,,,,,,10/25/2022 18:50,2,2
BUUAT000000000045971,LS_PROCS,,,,,,11/3/2022 11:25,2,2
BUUAT000000000045972,LS_PROCS,,,Floating,,,11/3/2022 11:45,2,2
BUUAT000000000045973,LS_PROCS,,,Floating,,,11/4/2022 8:33,2,2
BUUAT000000000045974,LS_CLOSE,,,Floating,,,11/14/2022 9:58,2,2
BUUAT000000000045975,LS_PROCS,,,Floating,,,11/4/2022 19:23,2,2
BUUAT000000000045976,LS_CLOSE,,,Floating,,,11/13/2022 9:36,2,2
BUUAT000000000045977,LS_PROCS,,,Floating,,,11/13/2022 10:32,2,2
BUUAT000000000045978,LS_PROCS,,,Floating,,,11/13/2022 10:13,2,2
BUUAT000000000045979,LS_PROCS,,,Floating,,,11/13/2022 10:19,2,2
BUUAT000000000045980,LS_PROCS,,,Floating,,,11/13/2022 13:01,2,2
BUUAT000000000045981,LS_PROCS,,,Floating,,,11/13/2022 13:14,2,2
BUUAT000000000045982,LS_PROCS,,,,,,11/13/2022 13:22,2,2
BUUAT000000000045983,LS_PROCS,,,,,,11/13/2022 13:24,2,2
BUUAT000000000045984,LS_PROCS,,,,,,11/13/2022 14:24,2,2
BUUAT000000000045985,LS_PROCS,,,,,,11/13/2022 14:42,2,2
BUUAT000000000045986,LS_PROCS,,,,,,11/13/2022 14:46,2,2
BUUAT000000000045987,LS_PROCS,,,,,,11/13/2022 14:50,2,2
BUUAT000000000045988,LS_PROCS,,,,,,11/13/2022 14:55,2,2
BUUAT000000000045989,LS_PROCS,,,,,,11/13/2022 14:57,2,2
BUUAT000000000045990,LS_PROCS,,,Floating,,,11/13/2022 15:05,2,2
BUUAT000000000045991,LS_PROCS,,,,,,11/13/2022 15:28,2,2
BUUAT000000000045992,LS_PROCS,,,,,,11/13/2022 15:30,2,2
BUUAT000000000045993,LS_PROCS,,,,,,11/13/2022 15:32,2,2
BUUAT000000000045994,LS_PROCS,,,,,,11/13/2022 15:36,2,2
BUUAT000000000045995,LS_PROCS,,,,,,11/13/2022 15:39,2,2
BUUAT000000000045996,LS_PROCS,,,Floating,,,11/13/2022 15:39,2,2
BUUAT000000000045997,LS_IUW,,,Floating,,,11/13/2022 15:40,2,2
BUUAT000000000045998,LS_IUW,,,,,,11/13/2022 15:43,2,2
BUUAT000000000045999,LS_PROCS,,,,,,11/13/2022 15:43,2,2
BUUAT000000000046000,LS_PROCS,,,Floating,,,11/13/2022 15:43,2,2
BUUAT000000000046001,LS_IUW,,,,,,11/13/2022 15:44,2,2
BUUAT000000000046002,LS_IUW,,,Floating,,,11/13/2022 15:44,2,2
BUUAT000000000046003,LS_IUW,,,,,,11/13/2022 15:44,2,2
BUUAT000000000046004,LS_PROCS,,,,,,11/13/2022 17:49,2,2
BUUAT000000000046005,LS_IUW,,,Floating,,,11/13/2022 17:50,2,2
BUUAT000000000046006,LS_IUW,,,,,,11/13/2022 17:51,2,2
BUUAT000000000046007,LS_IUW,,,Floating,,,11/13/2022 17:51,2,2
BUUAT000000000046008,LS_IUW,,,Floating,,,11/13/2022 17:51,2,2
BUUAT000000000046009,LS_IUW,,,Floating,,,11/13/2022 17:52,2,2
BUUAT000000000046010,LS_PROCS,,,Floating,,,11/13/2022 21:28,2,2
BUUAT000000000046011,LS_PROCS,,,,,,11/13/2022 21:32,2,2
BUUAT000000000046012,LS_PROCS,,,,,,11/13/2022 21:39,2,2
BUUAT000000000046013,LS_PROCS,,,,,,11/13/2022 21:43,2,2
BUUAT000000000046014,LS_PROCS,,,,,,11/13/2022 22:03,2,2
BUUAT000000000046015,LS_PROCS,,,,,,11/13/2022 22:04,2,2
BUUAT000000000046016,LS_PROCS,,,,,,11/13/2022 22:09,2,2
BUUAT000000000046017,LS_PROCS,,,,,,11/13/2022 22:13,2,2
BUUAT000000000046018,LS_PROCS,,,,,,11/13/2022 22:14,2,2
BUUAT000000000046019,LS_PROCS,,,,,,11/13/2022 22:17,2,2
BUUAT000000000046020,LS_PROCS,,,,,,11/13/2022 22:38,2,2
BUUAT000000000046021,LS_IUW,,,,,,11/13/2022 22:38,2,2
BUUAT000000000046022,LS_IUW,,,,,,11/13/2022 22:38,2,2
BUUAT000000000046023,LS_IUW,,,,,,11/13/2022 22:40,2,2
BUUAT000000000046024,LS_IUW,,,,,,11/13/2022 22:40,2,2
BUUAT000000000046025,LS_IUW,,,,,,11/13/2022 22:39,2,2
BUUAT000000000046026,LS_IUW,,,,,,11/13/2022 22:39,2,2
BUUAT000000000046027,LS_IUW,,,,,,11/13/2022 22:40,2,2
BUUAT000000000046028,LS_IUW,,,,,,11/13/2022 22:40,2,2
BUUAT000000000046029,LS_IUW,,,,,,11/13/2022 22:55,2,2
BUUAT000000000046030,LS_IUW,,,Floating,,,11/13/2022 22:55,2,2
BUUAT000000000046031,LS_IUW,,,Floating,,,11/13/2022 22:57,2,2
BUUAT000000000046032,LS_PROCS,,,,,,11/13/2022 22:57,2,2
BUUAT000000000046033,LS_IUW,,,,,,11/13/2022 22:58,2,2
BUUAT000000000046034,LS_IUW,,,,,,11/13/2022 22:58,2,2
BUUAT000000000046035,LS_IUW,,,,,,11/13/2022 22:59,2,2
BUUAT000000000046036,LS_IUW,,,,,,11/13/2022 22:59,2,2
BUUAT000000000046037,LS_IUW,,,,,,11/13/2022 22:59,2,2
BUUAT000000000046038,LS_IUW,,,,,,11/13/2022 22:59,2,2
BUUAT000000000046039,LS_WDRN,,,Floating,,,11/14/2022 0:18,2,2
BUUAT000000000046040,LS_PROCS,,,,,,11/13/2022 22:59,2,2
BUUAT000000000046041,LS_PROCS,,,,,,11/13/2022 22:59,2,2
BUUAT000000000046042,LS_PROCS,,,,,,11/13/2022 22:59,2,2
BUUAT000000000046043,LS_PROCS,,,,,,11/13/2022 23:00,2,2
BUUAT000000000046044,LS_PROCS,,,,,,11/13/2022 23:01,2,2
BUUAT000000000046045,LS_IUW,,,Floating,,,11/13/2022 23:51,2,2
BUUAT000000000046046,LS_PROCS,,,,,,11/14/2022 0:05,2,2
BUUAT000000000046047,LS_PROCS,,,,,,11/14/2022 0:07,2,2
BUUAT000000000046048,LS_PROCS,,,Floating,,,11/14/2022 0:18,2,2
BUUAT000000000046049,LS_PROCS,,,,,,11/14/2022 0:26,2,2
BUUAT000000000046050,LS_PROCS,,,,,,11/14/2022 0:27,2,2
BUUAT000000000046051,LS_PROCS,,,,,,11/14/2022 0:28,2,2
BUUAT000000000046052,LS_PROCS,,,Floating,,,11/14/2022 0:32,2,2
BUUAT000000000046053,LS_PROCS,,,,,,11/14/2022 0:34,2,2
BUUAT000000000046054,LS_PROCS,,,Floating,,,11/14/2022 0:47,2,2
BUUAT000000000046055,LS_PROCS,,,Floating,,,11/14/2022 1:15,2,2
BUUAT000000000046056,LS_PROCS,,,,,,11/14/2022 1:21,2,2
BUUAT000000000046057,LS_PROCS,,,Floating,,,11/14/2022 1:22,2,2
BUUAT000000000046058,LS_PROCS,,,,,,11/14/2022 1:23,2,2
BUUAT000000000046059,LS_PROCS,,,Floating,,,11/14/2022 1:23,2,2
BUUAT000000000046060,LS_PROCS,,,Floating,,,11/14/2022 1:23,2,2
BUUAT000000000046061,LS_PROCS,,,,,,11/14/2022 1:27,2,2
BUUAT000000000046062,LS_PROCS,,,Floating,,,11/14/2022 1:28,2,2
BUUAT000000000046063,LS_PROCS,,,,,,11/14/2022 1:28,2,2
BUUAT000000000046064,LS_PROCS,,,,,,11/14/2022 1:29,2,2
BUUAT000000000046065,LS_PROCS,,,,,,11/14/2022 1:30,2,2
BUUAT000000000046066,LS_PROCS,,,,,,11/14/2022 1:30,2,2
BUUAT000000000046067,LS_PROCS,,,,,,11/14/2022 1:30,2,2
BUUAT000000000046068,LS_PROCS,,,,,,11/14/2022 1:30,2,2
BUUAT000000000046069,LS_PROCS,,,,,,11/14/2022 1:30,2,2
BUUAT000000000046070,LS_PROCS,,,Floating,,,11/14/2022 1:34,2,2
BUUAT000000000046071,LS_PROCS,,,Floating,,,11/14/2022 1:35,2,2
BUUAT000000000046072,LS_PROCS,,,Floating,,,11/14/2022 1:35,2,2
BUUAT000000000046073,LS_IUW,,,,,,11/14/2022 1:35,2,2
BUUAT000000000046074,LS_IUW,,,Floating,,,11/14/2022 1:36,2,2
BUUAT000000000046075,LS_PROCS,,,,,,11/14/2022 1:46,2,2
BUUAT000000000046076,LS_IUW,,,,,,11/14/2022 1:49,2,2
BUUAT000000000046077,LS_IUW,,,,,,11/14/2022 1:53,2,2
BUUAT000000000046078,LS_IUW,,,,,,11/14/2022 2:01,2,2
BUUAT000000000046079,,,,,,,11/14/2022 2:07,2,2
BUUAT000000000046080,,,,,,,11/14/2022 2:07,2,2
BUUAT000000000046081,,,,,,,11/14/2022 2:08,2,2
BUUAT000000000046082,LS_IUW,,,,,,11/14/2022 2:07,2,2
BUUAT000000000046083,LS_IUW,,,,,,11/14/2022 2:08,2,2
BUUAT000000000046084,LS_IUW,,,,,,11/14/2022 2:09,2,2
BUUAT000000000046085,LS_IUW,,,,,,11/14/2022 2:09,2,2
BUUAT000000000046086,,,,,,,11/14/2022 2:15,2,2
BUUAT000000000046087,LS_PROCS,,,,,,11/14/2022 2:10,2,2
BUUAT000000000046088,,,,,,,11/14/2022 2:16,2,2
BUUAT000000000046089,LS_PROCS,,,Floating,,,11/14/2022 2:10,2,2
BUUAT000000000046090,LS_IUW,,,Floating,,,11/14/2022 2:21,2,2
BUUAT000000000046091,LS_IUW,,,Floating,,,11/14/2022 2:36,2,2
BUUAT000000000046092,LS_IUW,,,Floating,,,11/14/2022 2:36,2,2
BUUAT000000000046093,LS_NLC,,,Floating,,,11/14/2022 8:18,2,2
BUUAT000000000046094,LS_IUW,,,Floating,,,11/14/2022 2:37,2,2
BUUAT000000000046095,LS_IUW,,,,,,11/14/2022 2:38,2,2
BUUAT000000000046096,LS_IUW,,,Floating,,,11/14/2022 2:38,2,2
BUUAT000000000046097,LS_IUW,,,Floating,,,11/14/2022 3:07,2,2
BUUAT000000000046098,LS_IUW,,,Floating,,,11/14/2022 3:43,2,2
BUUAT000000000046099,LS_IUW,,,Floating,,,11/14/2022 3:58,2,2
BUUAT000000000046100,LS_IUW,,,Floating,,,11/14/2022 4:41,2,2
BUUAT000000000046101,LS_IUW,,,Floating,,,11/14/2022 5:26,2,2
BUUAT000000000046102,LS_PROCS,,,Floating,,,11/14/2022 5:51,2,2
BUUAT000000000046103,LS_IUW,,,Floating,,,11/14/2022 6:57,2,2
BUUAT000000000046104,LS_IUW,,,,,,11/14/2022 8:19,2,2
BUUAT000000000046105,LS_IUW,,,,,,11/14/2022 8:21,2,2
BUUAT000000000046106,LS_IUW,,,Floating,,,11/14/2022 8:23,2,2
BUUAT000000000046107,LS_IUW,,,,,,11/14/2022 8:23,2,2
BUUAT000000000046108,LS_IUW,,,Floating,,,11/14/2022 8:24,2,2
BUUAT000000000046109,LS_IUW,,,Floating,,,11/14/2022 8:23,2,2
BUUAT000000000046110,LS_IUW,,,Floating,,,11/14/2022 8:25,2,2
BUUAT000000000046111,LS_IUW,,,Floating,,,11/14/2022 8:25,2,2
BUUAT000000000046112,LS_IUW,,,Floating,,,11/14/2022 8:25,2,2
BUUAT000000000046113,LS_IUW,,,,,,11/14/2022 8:31,2,2
BUUAT000000000046114,LS_IUW,,,,,,11/14/2022 8:45,2,2
BUUAT000000000046115,LS_IUW,,,Floating,,,11/14/2022 8:47,2,2
BUUAT000000000046116,LS_IUW,,,,,,11/14/2022 9:10,2,2
BUUAT000000000046117,LS_IUW,,,,,,11/14/2022 9:11,2,2
BUUAT000000000046118,LS_IUW,,,,,,11/14/2022 9:12,2,2
BUUAT000000000046119,LS_IUW,,,,,,11/14/2022 9:13,2,2
BUUAT000000000046120,LS_IUW,,,,,,11/14/2022 9:13,2,2
BUUAT000000000046121,LS_IUW,,,,,,11/14/2022 9:13,2,2
BUUAT000000000046122,LS_IUW,,,,,,11/14/2022 9:13,2,2
BUUAT000000000046123,LS_IUW,,,,,,11/14/2022 9:13,2,2
BUUAT000000000046124,LS_IUW,,,,,,11/14/2022 9:13,2,2
BUUAT000000000046125,LS_IUW,,,Floating,,,11/14/2022 9:13,2,2
BUUAT000000000046126,LS_IUW,,,Floating,,,11/14/2022 9:13,2,2
BUUAT000000000046127,LS_IUW,,,Floating,,,11/14/2022 9:15,2,2
BUUAT000000000046128,LS_PROCS,,,Floating,,,11/14/2022 11:28,2,2
BUUAT000000000046129,LS_PROCS,,,Floating,,,11/14/2022 10:11,2,2
BUUAT000000000046130,LS_IUW,,,Floating,,,11/14/2022 9:54,2,2
BUUAT000000000046131,LS_PROCS,,,Floating,,,11/14/2022 10:42,2,2
BUUAT000000000046132,LS_PROCS,,,Floating,,,11/16/2022 2:31,2,2
BUUAT000000000046133,LS_IUW,,,Floating,,,11/14/2022 10:43,2,2
BUUAT000000000046134,LS_IUW,,,Floating,,,11/14/2022 11:08,2,2
BUUAT000000000046135,LS_DENYD,,,Floating,,,11/14/2022 12:01,2,2
BUUAT000000000046136,LS_IUW,,,Floating,,,11/14/2022 11:20,2,2
BUUAT000000000046137,LS_IUW,,,Floating,,,11/14/2022 11:24,2,2
BUUAT000000000046138,LS_IUW,,,Floating,,,11/14/2022 11:26,2,2
BUUAT000000000046139,LS_IUW,,,Floating,,,11/14/2022 11:28,2,2
BUUAT000000000046140,LS_IUW,,,Floating,,,11/14/2022 11:31,2,2
BUUAT000000000046141,LS_IUW,,,Floating,,,11/14/2022 11:52,2,2
BUUAT000000000046142,LS_PROCS,,,Floating,,,11/14/2022 13:01,2,2
BUUAT000000000046143,LS_IUW,,,Floating,,,11/14/2022 13:08,2,2
BUUAT000000000046144,LS_PNAPR,,,,,,11/14/2022 14:14,2,2
BUUAT000000000046145,LS_PROCS,,,Floating,,,11/14/2022 17:32,2,2
BUUAT000000000046146,LS_PROCS,,,Floating,,,11/14/2022 22:11,2,2
BUUAT000000000046147,LS_IUW,,,Floating,,,11/14/2022 22:02,2,2
BUUAT000000000046148,LS_IUW,,,,,,11/14/2022 22:02,2,2
BUUAT000000000046149,LS_PROCS,,,Floating,,,11/14/2022 23:53,2,2
BUUAT000000000046150,LS_PROCS,,,Floating,,,11/14/2022 23:59,2,2
BUUAT000000000046151,LS_IUW,,,Floating,,,11/15/2022 0:19,2,2
BUUAT000000000046152,LS_PROCS,,,Floating,,,11/15/2022 0:29,2,2
BUUAT000000000046153,LS_PROCS,,,Floating,,,11/15/2022 0:45,2,2
BUUAT000000000046154,LS_OBISS,,,Floating,,,11/16/2022 14:42,2,2
BUUAT000000000046155,LS_IUW,,,Floating,,,11/15/2022 1:40,2,2
BUUAT000000000046156,LS_IUW,,,Floating,,,11/15/2022 2:05,2,2
BUUAT000000000046157,LS_IUW,,,Floating,,,11/15/2022 2:09,2,2
BUUAT000000000046158,LS_IUW,,,Floating,,,11/15/2022 2:15,2,2
BUUAT000000000046159,LS_IUW,,,Floating,,,11/15/2022 2:19,2,2
BUUAT000000000046160,LS_IUW,,,Floating,,,11/15/2022 2:40,2,2
BUUAT000000000046161,LS_IUW,,,,,,11/15/2022 3:01,2,2
BUUAT000000000046162,LS_IUW,,,Floating,,,11/15/2022 3:04,2,2
BUUAT000000000046163,LS_PDOC,,,Floating,,,11/17/2022 2:14,2,2
BUUAT000000000046164,LS_IUW,,,Floating,,,11/15/2022 3:46,2,2
BUUAT000000000046165,LS_PROCS,,,Floating,,,11/15/2022 4:11,2,2
BUUAT000000000046166,LS_PROCS,,,Floating,,,11/15/2022 4:21,2,2
BUUAT000000000046167,LS_IUW,,,,,,11/15/2022 4:49,2,2
BUUAT000000000046168,LS_DENYD,,,Floating,,,11/16/2022 7:21,2,2
BUUAT000000000046169,LS_PROCS,,,Floating,,,11/15/2022 7:00,2,2
BUUAT000000000046170,,,,,,,11/15/2022 8:32,2,2
BUUAT000000000046171,LS_PROCS,,,Floating,,,11/15/2022 9:03,2,2
BUUAT000000000046172,,,,,,,11/15/2022 9:09,2,2
BUUAT000000000046173,,,,,,,11/15/2022 9:12,2,2
BUUAT000000000046174,,,,,,,11/15/2022 9:14,2,2
BUUAT000000000046175,LS_PROCS,,,Floating,,,11/15/2022 9:09,2,2
BUUAT000000000046176,,,,,,,11/15/2022 9:19,2,2
BUUAT000000000046177,LS_PROCS,,,Floating,,,11/15/2022 9:18,2,2
BUUAT000000000046178,LS_IUW,,,,,,11/15/2022 9:40,2,2
BUUAT000000000046179,LS_IUW,,,Floating,,,11/15/2022 9:55,2,2
BUUAT000000000046180,LS_IUW,,,Floating,,,11/15/2022 9:56,2,2
BUUAT000000000046181,LS_IUW,,,Floating,,,11/15/2022 9:57,2,2
BUUAT000000000046182,LS_IUW,,,Floating,,,11/15/2022 9:58,2,2
BUUAT000000000046183,LS_IUW,,,Floating,,,11/15/2022 9:58,2,2
BUUAT000000000046184,LS_IUW,,,Floating,,,11/15/2022 10:00,2,2
BUUAT000000000046185,LS_IUW,,,,,,11/15/2022 10:38,2,2
BUUAT000000000046186,LS_PROCS,,,Floating,,,11/15/2022 10:39,2,2
BUUAT000000000046187,LS_IUW,,,Floating,,,11/15/2022 10:41,2,2
BUUAT000000000046188,LS_IUW,,,Floating,,,11/15/2022 10:41,2,2
BUUAT000000000046189,LS_IUW,,,Floating,,,11/15/2022 10:45,2,2
BUUAT000000000046190,LS_IUW,,,Floating,,,11/15/2022 10:51,2,2
BUUAT000000000046191,,,,,,,11/15/2022 21:46,2,2
BUUAT000000000046192,LS_IUW,,,,,,11/15/2022 22:17,2,2
BUUAT000000000046193,LS_PROCS,,,Floating,,,11/15/2022 22:37,2,2
BUUAT000000000046194,LS_PROCS,,,Floating,,,11/15/2022 23:21,2,2
BUUAT000000000046195,LS_PROCS,,,Floating,,,11/15/2022 23:14,2,2
BUUAT000000000046196,LS_IUW,,,,,,11/15/2022 22:51,2,2
BUUAT000000000046197,LS_CLOSE,,,Floating,,,11/16/2022 0:46,2,2
BUUAT000000000046198,LS_IUW,,,Floating,,,11/15/2022 23:03,2,2
BUUAT000000000046199,LS_CLOSE,,,Floating,,,11/16/2022 1:43,2,2
BUUAT000000000046200,LS_PROCS,,,,,,11/15/2022 23:52,2,2
BUUAT000000000046201,LS_IUW,,,,,,11/15/2022 23:52,2,2
BUUAT000000000046202,,,,,,,11/15/2022 23:59,2,2
BUUAT000000000046203,LS_IUW,,,,,,11/15/2022 23:54,2,2
BUUAT000000000046204,LS_IUW,,,,,,11/15/2022 23:54,2,2
BUUAT000000000046205,LS_PROCS,,,Floating,,,11/16/2022 0:56,2,2
BUUAT000000000046206,LS_IUW,,,Floating,,,11/15/2022 23:56,2,2
BUUAT000000000046207,LS_DENYD,,,Floating,,,11/17/2022 14:45,2,2
BUUAT000000000046208,LS_PROCS,,,Floating,,,11/17/2022 9:58,2,2
BUUAT000000000046209,LS_PROCS,,,Floating,,,11/17/2022 10:17,2,2
BUUAT000000000046210,LS_PROCS,,,Floating,,,11/16/2022 1:18,2,2
BUUAT000000000046211,LS_IUW,,,Floating,,,11/16/2022 0:01,2,2
BUUAT000000000046212,LS_PROCS,,,Floating,,,11/16/2022 0:11,2,2
BUUAT000000000046213,LS_IUW,,,Floating,,,11/16/2022 0:02,2,2
BUUAT000000000046214,LS_PROCS,,,Floating,,,11/18/2022 11:11,2,2
BUUAT000000000046215,LS_IUW,,,Floating,,,11/16/2022 0:05,2,2
BUUAT000000000046216,LS_IUW,,,Floating,,,11/16/2022 0:05,2,2
BUUAT000000000046217,LS_DENYD,,,Floating,,,11/17/2022 16:09,2,2
BUUAT000000000046218,LS_IUW,,,Floating,,,11/16/2022 0:07,2,2
BUUAT000000000046219,LS_IUW,,,Floating,,,11/16/2022 0:09,2,2
BUUAT000000000046220,LS_DENYD,,,Floating,,,11/18/2022 11:30,2,2
BUUAT000000000046221,LS_DENYD,,,Floating,,,11/17/2022 17:33,2,2
BUUAT000000000046222,LS_IUW,,,Floating,,,11/16/2022 0:12,2,2
BUUAT000000000046223,LS_IUW,,,Floating,,,11/16/2022 0:12,2,2
BUUAT000000000046224,LS_IUW,,,Floating,,,11/16/2022 0:13,2,2
BUUAT000000000046225,LS_NLC,,,Floating,,,11/16/2022 15:42,2,2
BUUAT000000000046226,LS_NLC,,,Floating,,,11/16/2022 15:49,2,2
BUUAT000000000046227,LS_NLC,,,Floating,,,11/16/2022 16:00,2,2
BUUAT000000000046228,LS_IUW,,,Floating,,,11/16/2022 0:15,2,2
BUUAT000000000046229,LS_PROCS,,,Floating,,,11/16/2022 0:16,2,2
BUUAT000000000046230,LS_PROCS,,,Floating,,,11/16/2022 0:20,2,2
BUUAT000000000046231,LS_PROCS,,,Floating,,,11/16/2022 0:20,2,2
BUUAT000000000046232,LS_NLC,,,Floating,,,11/16/2022 15:29,2,2
BUUAT000000000046233,LS_IUW,,,Floating,,,11/16/2022 0:27,2,2
BUUAT000000000046234,LS_IUW,,,Floating,,,11/16/2022 0:28,2,2
BUUAT000000000046235,LS_IUW,,,Floating,,,11/16/2022 0:29,2,2
BUUAT000000000046236,LS_NLC,,,Floating,,,11/16/2022 15:52,2,2
BUUAT000000000046237,LS_PROCS,,,Floating,,,11/17/2022 16:35,2,2
BUUAT000000000046238,LS_IUW,,,Floating,,,11/16/2022 0:31,2,2
BUUAT000000000046239,LS_IUW,,,Floating,,,11/16/2022 0:33,2,2
BUUAT000000000046240,LS_PROCS,,,Floating,,,11/16/2022 0:34,2,2
BUUAT000000000046241,LS_IUW,,,Floating,,,11/16/2022 0:35,2,2
BUUAT000000000046242,LS_PROCS,,,Floating,,,11/16/2022 0:36,2,2
BUUAT000000000046243,LS_IUW,,,Floating,,,11/16/2022 0:38,2,2
BUUAT000000000046244,LS_PROCS,,,Floating,,,11/16/2022 2:11,2,2
BUUAT000000000046245,LS_PROCS,,,,,,11/16/2022 1:28,2,2
BUUAT000000000046246,LS_PROCS,,,Floating,,,11/16/2022 1:37,2,2
BUUAT000000000046247,LS_PROCS,,,Floating,,,11/16/2022 3:07,2,2
BUUAT000000000046248,LS_PROCS,,,Floating,,,11/16/2022 2:07,2,2
BUUAT000000000046249,LS_DENYD,,,Floating,,,11/16/2022 3:01,2,2
BUUAT000000000046250,LS_PROCS,,,Floating,,,11/16/2022 4:31,2,2
BUUAT000000000046251,,,,,,,11/16/2022 3:17,2,2
BUUAT000000000046252,LS_IUW,,,Floating,,,11/16/2022 4:29,2,2
BUUAT000000000046253,LS_PROCS,,,Floating,,,11/16/2022 4:55,2,2
BUUAT000000000046254,LS_PROCS,,,Floating,,,11/16/2022 4:56,2,2
BUUAT000000000046255,LS_IUW,,,Floating,,,11/16/2022 4:59,2,2
BUUAT000000000046256,LS_PROCS,,,,,,11/16/2022 4:59,2,2
BUUAT000000000046257,LS_PROCS,,,,,,11/16/2022 5:01,2,2
BUUAT000000000046258,LS_PROCS,,,,,,11/16/2022 5:02,2,2
BUUAT000000000046259,LS_PROCS,,,,,,11/16/2022 5:03,2,2
BUUAT000000000046260,LS_IUW,,,Floating,,,11/16/2022 5:06,2,2
BUUAT000000000046261,LS_DENYD,,,Floating,,,11/16/2022 8:07,2,2
BUUAT000000000046262,LS_PROCS,,,Floating,,,11/16/2022 5:08,2,2
BUUAT000000000046263,LS_PROCS,,,Floating,,,11/16/2022 5:14,2,2
BUUAT000000000046264,LS_IUW,,,Floating,,,11/16/2022 5:18,2,2
BUUAT000000000046265,LS_IUW,,,Floating,,,11/16/2022 5:21,2,2
BUUAT000000000046266,LS_PROCS,,,,,,11/16/2022 5:22,2,2
BUUAT000000000046267,LS_UW,,,Floating,,,11/16/2022 8:48,2,2
BUUAT000000000046268,LS_IUW,,,Floating,,,11/16/2022 5:36,2,2
BUUAT000000000046269,LS_PROCS,,,,,,11/16/2022 5:38,2,2
BUUAT000000000046270,LS_PROCS,,,Floating,,,11/16/2022 5:38,2,2
BUUAT000000000046271,LS_PROCS,,,Floating,,,11/16/2022 5:38,2,2
BUUAT000000000046272,LS_IUW,,,Floating,,,11/16/2022 5:38,2,2
BUUAT000000000046273,LS_IUW,,,Floating,,,11/16/2022 5:38,2,2
BUUAT000000000046274,LS_PROCS,,,,,,11/16/2022 5:39,2,2
BUUAT000000000046275,LS_PROCS,,,,,,11/16/2022 5:39,2,2
BUUAT000000000046276,LS_PROCS,,,Floating,,,11/16/2022 5:40,2,2
BUUAT000000000046277,LS_PROCS,,,,,,11/16/2022 5:40,2,2
BUUAT000000000046278,LS_IUW,,,,,,11/16/2022 5:40,2,2
BUUAT000000000046279,LS_IUW,,,Floating,,,11/16/2022 5:41,2,2
BUUAT000000000046280,LS_PROCS,,,,,,11/16/2022 5:42,2,2
BUUAT000000000046281,LS_PROCS,,,,,,11/16/2022 5:42,2,2
BUUAT000000000046282,LS_IUW,,,Floating,,,11/16/2022 5:42,2,2
BUUAT000000000046283,LS_PROCS,,,,,,11/16/2022 5:42,2,2
BUUAT000000000046284,LS_PROCS,,,,,,11/16/2022 5:43,2,2
BUUAT000000000046285,LS_IUW,,,,,,11/16/2022 5:44,2,2
BUUAT000000000046286,LS_PROCS,,,,,,11/16/2022 5:44,2,2
BUUAT000000000046287,LS_IUW,,,,,,11/16/2022 5:44,2,2
BUUAT000000000046288,LS_PROCS,,,,,,11/16/2022 5:45,2,2
BUUAT000000000046289,LS_PROCS,,,,,,11/16/2022 5:45,2,2
BUUAT000000000046290,LS_IUW,,,,,,11/16/2022 5:45,2,2
BUUAT000000000046291,LS_PROCS,,,,,,11/16/2022 5:49,2,2
BUUAT000000000046292,LS_IUW,,,,,,11/16/2022 5:49,2,2
BUUAT000000000046293,LS_PROCS,,,,,,11/16/2022 5:49,2,2
BUUAT000000000046294,LS_IUW,,,,,,11/16/2022 5:49,2,2
BUUAT000000000046295,LS_IUW,,,,,,11/16/2022 5:49,2,2
BUUAT000000000046296,LS_IUW,,,,,,11/16/2022 5:50,2,2
BUUAT000000000046297,LS_PROCS,,,,,,11/16/2022 5:50,2,2
BUUAT000000000046298,LS_IUW,,,Floating,,,11/16/2022 5:50,2,2
BUUAT000000000046299,LS_PROCS,,,,,,11/16/2022 5:51,2,2
BUUAT000000000046300,LS_PROCS,,,,,,11/16/2022 5:52,2,2
BUUAT000000000046301,LS_PROCS,,,,,,11/16/2022 5:51,2,2
BUUAT000000000046302,LS_PROCS,,,,,,11/16/2022 5:51,2,2
BUUAT000000000046303,LS_IUW,,,,,,11/16/2022 5:51,2,2
BUUAT000000000046304,LS_IUW,,,,,,11/16/2022 5:50,2,2
BUUAT000000000046305,LS_PROCS,,,,,,11/16/2022 5:55,2,2
BUUAT000000000046306,LS_PROCS,,,,,,11/16/2022 5:55,2,2
BUUAT000000000046307,LS_PROCS,,,,,,11/16/2022 5:55,2,2
BUUAT000000000046308,LS_PROCS,,,,,,11/16/2022 5:55,2,2
BUUAT000000000046309,LS_PROCS,,,,,,11/16/2022 5:55,2,2
BUUAT000000000046310,LS_IUW,,,,,,11/16/2022 5:54,2,2
BUUAT000000000046311,LS_IUW,,,,,,11/16/2022 5:54,2,2
BUUAT000000000046312,LS_PROCS,,,,,,11/16/2022 5:55,2,2
BUUAT000000000046313,LS_PROCS,,,,,,11/16/2022 5:55,2,2
BUUAT000000000046314,LS_PROCS,,,,,,11/16/2022 5:55,2,2
BUUAT000000000046315,LS_PROCS,,,,,,11/16/2022 5:55,2,2
BUUAT000000000046316,LS_PROCS,,,,,,11/16/2022 5:55,2,2
BUUAT000000000046317,LS_PROCS,,,Floating,,,11/16/2022 5:55,2,2
BUUAT000000000046318,LS_IUW,,,,,,11/16/2022 6:17,2,2
BUUAT000000000046319,,,,,,,11/16/2022 6:24,2,2
BUUAT000000000046320,LS_PROCS,,,Floating,,,11/16/2022 6:26,2,2
BUUAT000000000046321,LS_IUW,,,,,,11/16/2022 6:50,2,2
BUUAT000000000046322,,,,,,,11/16/2022 6:56,2,2
BUUAT000000000046323,,,,,,,11/16/2022 6:58,2,2
BUUAT000000000046324,,,,,,,11/16/2022 6:58,2,2
BUUAT000000000046325,LS_PROCS,,,Floating,,,11/16/2022 6:56,2,2
BUUAT000000000046326,,,,,,,11/16/2022 7:18,2,2
BUUAT000000000046327,,,,,,,11/16/2022 7:26,2,2
BUUAT000000000046328,LS_IUW,,,Floating,,,11/16/2022 7:32,2,2
BUUAT000000000046329,LS_PROCS,,,Floating,,,11/16/2022 7:34,2,2
BUUAT000000000046330,,,,,,,11/16/2022 7:39,2,2
BUUAT000000000046331,,,,,,,11/16/2022 7:41,2,2
BUUAT000000000046332,,,,,,,11/16/2022 7:42,2,2
BUUAT000000000046333,,,,,,,11/16/2022 7:44,2,2
BUUAT000000000046334,,,,,,,11/16/2022 7:46,2,2
BUUAT000000000046335,,,,,,,11/16/2022 8:03,2,2
BUUAT000000000046336,LS_IUW,,,,,,11/16/2022 8:21,2,2
BUUAT000000000046337,LS_PROCS,,,Floating,,,11/16/2022 8:41,2,2
BUUAT000000000046338,LS_PROCS,,,,,,11/16/2022 8:31,2,2
BUUAT000000000046339,LS_PROCS,,,Floating,,,11/16/2022 8:50,2,2
BUUAT000000000046340,LS_PROCS,,,Floating,,,11/16/2022 8:55,2,2
BUUAT000000000046341,LS_PROCS,,,Floating,,,11/16/2022 9:15,2,2
BUUAT000000000046342,LS_IUW,,,Floating,,,11/16/2022 9:32,2,2
BUUAT000000000046343,LS_PROCS,,,Floating,,,11/16/2022 10:29,2,2
BUUAT000000000046344,LS_PROCS,,,Floating,,,11/16/2022 10:46,2,2
BUUAT000000000046345,LS_PROCS,,,Floating,,,11/16/2022 11:15,2,2
BUUAT000000000046346,LS_PROCS,,,Floating,,,11/16/2022 11:56,2,2
BUUAT000000000046347,LS_PROCS,,,Floating,,,11/16/2022 11:59,2,2
BUUAT000000000046348,LS_PROCS,,,Floating,,,11/17/2022 0:45,2,2
BUUAT000000000046349,LS_PROCS,,,Floating,,,11/16/2022 12:26,2,2
BUUAT000000000046350,LS_PROCS,,,Floating,,,11/16/2022 12:47,2,2
BUUAT000000000046351,LS_IUW,,,,,,11/16/2022 14:59,2,2
BUUAT000000000046352,LS_PROCS,,,Floating,,,11/16/2022 15:25,2,2
BUUAT000000000046353,LS_PROCS,,,,,,11/16/2022 18:45,2,2
BUUAT000000000046354,,,,,,,11/16/2022 21:49,2,2
BUUAT000000000046355,LS_IUW,,,,,,11/16/2022 21:50,2,2
BUUAT000000000046356,LS_CLOSE,,,Floating,,,11/16/2022 23:16,2,2
BUUAT000000000046357,LS_NLC,,,Floating,,,11/17/2022 0:30,2,2
BUUAT000000000046358,LS_PROCS,,,Floating,,,11/17/2022 0:45,2,2
BUUAT000000000046359,LS_PROCS,,,Floating,,,11/17/2022 1:11,2,2
BUUAT000000000046360,LS_IUW,,,Floating,,,11/17/2022 1:17,2,2
BUUAT000000000046361,LS_NLC,,,Floating,,,11/17/2022 1:29,2,2
BUUAT000000000046362,LS_IUW,,,,,,11/17/2022 1:30,2,2
BUUAT000000000046363,LS_IUW,,,Floating,,,11/17/2022 1:30,2,2
BUUAT000000000046364,LS_OBISS,,,Floating,,,11/18/2022 6:22,2,2
BUUAT000000000046365,LS_PROCS,,,Floating,,,11/17/2022 2:33,2,2
BUUAT000000000046366,LS_PROCS,,,Floating,,,11/17/2022 2:51,2,2
BUUAT000000000046367,LS_NLC,,,Floating,,,11/17/2022 3:07,2,2
BUUAT000000000046368,LS_NLC,,,Floating,,,11/17/2022 3:29,2,2
BUUAT000000000046369,LS_NLC,,,Floating,,,11/17/2022 4:22,2,2
BUUAT000000000046370,LS_OBISS,,,Floating,,,11/17/2022 9:19,2,2
BUUAT000000000046371,LS_IUW,,,,,,11/17/2022 4:51,2,2
BUUAT000000000046372,LS_WDRN,,,Floating,,,11/17/2022 5:08,2,2
BUUAT000000000046373,LS_IUW,,,Floating,,,11/17/2022 6:21,2,2
BUUAT000000000046374,LS_IUW,,,,,,11/17/2022 6:24,2,2
BUUAT000000000046375,LS_PROCS,,,Floating,,,11/17/2022 6:27,2,2
BUUAT000000000046376,LS_PROCS,,,Floating,,,11/17/2022 6:27,2,2
BUUAT000000000046377,LS_PROCS,,,Floating,,,11/17/2022 7:02,2,2
BUUAT000000000046378,LS_IUW,,,Floating,,,11/17/2022 10:12,2,2
BUUAT000000000046379,LS_PCCPT,,,Floating,,,11/17/2022 13:08,2,2
BUUAT000000000046380,LS_PROCS,,,Floating,,,11/17/2022 11:05,2,2
BUUAT000000000046381,LS_PROCS,,,Floating,,,11/17/2022 11:16,2,2
BUUAT000000000046382,LS_DENYD,,,Floating,,,11/17/2022 11:23,2,2
BUUAT000000000046383,LS_PROCS,,,,,,11/17/2022 11:28,2,2
BUUAT000000000046384,LS_PROCS,,,Floating,,,11/17/2022 11:37,2,2
BUUAT000000000046385,LS_PROCS,,,Floating,,,11/17/2022 11:44,2,2
BUUAT000000000046386,LS_PROCS,,,Floating,,,11/17/2022 11:49,2,2
BUUAT000000000046387,LS_IUW,,,Floating,,,11/17/2022 12:07,2,2
BUUAT000000000046388,LS_PROCS,,,Floating,,,11/17/2022 12:11,2,2
BUUAT000000000046389,LS_PROCS,,,Floating,,,11/17/2022 12:15,2,2
BUUAT000000000046390,LS_PROCS,,,Floating,,,11/17/2022 12:32,2,2
BUUAT000000000046391,LS_IUW,,,Floating,,,11/17/2022 12:40,2,2
BUUAT000000000046392,LS_PROCS,,,Floating,,,11/17/2022 13:09,2,2
BUUAT000000000046393,LS_PROCS,,,Floating,,,11/17/2022 13:33,2,2
BUUAT000000000046394,LS_PROCS,,,,,,11/17/2022 16:07,2,2
BUUAT000000000046395,LS_IUW,,,,,,11/17/2022 16:25,2,2
BUUAT000000000046396,LS_DENYD,,,Floating,,,11/17/2022 17:22,2,2
BUUAT000000000046397,LS_PROCS,,,,,,11/17/2022 16:38,2,2
BUUAT000000000046398,LS_POSTC,,,Floating,,,11/17/2022 20:24,2,2
BUUAT000000000046399,LS_POSTC,,,Floating,,,11/17/2022 20:36,2,2
BUUAT000000000046400,LS_IUW,,,Floating,,,11/17/2022 21:28,2,2
BUUAT000000000046401,LS_NLC,,,Floating,,,11/18/2022 8:58,2,2
BUUAT000000000046402,LS_IUW,,,Floating,,,11/17/2022 21:30,2,2
BUUAT000000000046403,LS_PROCS,,,Floating,,,11/17/2022 21:31,2,2
BUUAT000000000046404,LS_PROCS,,,Floating,,,11/18/2022 9:17,2,2
BUUAT000000000046405,LS_PROCS,,,Floating,,,11/18/2022 9:20,2,2
BUUAT000000000046406,LS_IUW,,,Floating,,,11/17/2022 21:32,2,2
BUUAT000000000046407,LS_PROCS,,,Floating,,,11/17/2022 21:33,2,2
BUUAT000000000046408,LS_IUW,,,Floating,,,11/17/2022 21:34,2,2
BUUAT000000000046409,LS_IUW,,,Floating,,,11/17/2022 21:35,2,2
BUUAT000000000046410,LS_PROCS,,,Floating,,,11/18/2022 10:01,2,2
BUUAT000000000046411,LS_IUW,,,Floating,,,11/17/2022 21:38,2,2
BUUAT000000000046412,LS_PROCS,,,Floating,,,11/17/2022 21:39,2,2
BUUAT000000000046413,LS_IUW,,,Floating,,,11/17/2022 21:40,2,2
BUUAT000000000046414,LS_PROCS,,,Floating,,,11/18/2022 14:11,2,2
BUUAT000000000046415,LS_PROCS,,,Floating,,,11/17/2022 21:42,2,2
BUUAT000000000046416,LS_PROCS,,,Floating,,,11/17/2022 21:42,2,2
BUUAT000000000046417,LS_IUW,,,Floating,,,11/17/2022 21:43,2,2
BUUAT000000000046418,LS_IUW,,,,,,11/17/2022 21:44,2,2
BUUAT000000000046419,LS_PROCS,,,,,,11/17/2022 21:45,2,2
BUUAT000000000046420,LS_IUW,,,,,,11/17/2022 21:47,2,2
BUUAT000000000046421,LS_IUW,,,,,,11/17/2022 21:48,2,2
BUUAT000000000046422,LS_IUW,,,,,,11/17/2022 21:48,2,2
BUUAT000000000046423,LS_PROCS,,,,,,11/17/2022 21:49,2,2
BUUAT000000000046424,LS_IUW,,,,,,11/17/2022 21:50,2,2
BUUAT000000000046425,LS_PROCS,,,,,,11/17/2022 21:51,2,2
BUUAT000000000046426,LS_PROCS,,,Floating,,,11/17/2022 22:47,2,2
BUUAT000000000046427,LS_PROCS,,,Floating,,,11/18/2022 0:09,2,2
BUUAT000000000046428,LS_PROCS,,,Floating,,,11/18/2022 1:14,2,2
BUUAT000000000046429,LS_PROCS,,,,,,11/18/2022 1:19,2,2
BUUAT000000000046430,LS_PROCS,,,,,,11/18/2022 1:27,2,2
BUUAT000000000046431,LS_PROCS,,,Floating,,,11/18/2022 1:28,2,2
BUUAT000000000046432,LS_PROCS,,,,,,11/18/2022 2:03,2,2
BUUAT000000000046433,LS_PROCS,,,Floating,,,11/18/2022 2:31,2,2
BUUAT000000000046434,LS_PROCS,,,Floating,,,11/18/2022 2:09,2,2
BUUAT000000000046435,LS_PROCS,,,Floating,,,11/18/2022 2:15,2,2
BUUAT000000000046436,LS_IUW,,,Floating,,,11/18/2022 2:22,2,2
BUUAT000000000046437,LS_PROCS,,,Floating,,,11/18/2022 2:35,2,2
BUUAT000000000046438,LS_OBISS,,,Floating,,,11/18/2022 4:48,2,2
BUUAT000000000046439,LS_PROCS,,,,,,11/18/2022 3:48,2,2
BUUAT000000000046440,LS_PROCS,,,,,,11/18/2022 3:52,2,2
BUUAT000000000046441,LS_IUW,,,,,,11/18/2022 3:54,2,2
BUUAT000000000046442,LS_PROCS,,,,,,11/18/2022 4:03,2,2
BUUAT000000000046443,LS_PROCS,,,Floating,,,11/18/2022 4:18,2,2
BUUAT000000000046444,LS_IUW,,,Floating,,,11/18/2022 4:27,2,2
BUUAT000000000046445,LS_IUW,,,Floating,,,11/18/2022 5:39,2,2
BUUAT000000000046446,LS_PROCS,,,Floating,,,11/18/2022 5:54,2,2
BUUAT000000000046447,LS_PROCS,,,Floating,,,11/18/2022 6:23,2,2
BUUAT000000000046448,LS_PROCS,,,Floating,,,11/18/2022 8:04,2,2
BUUAT000000000046449,LS_PROCS,,,Floating,,,11/18/2022 8:26,2,2
BUUAT000000000046450,LS_PROCS,,,Floating,,,11/18/2022 8:36,2,2
BUUAT000000000046451,LS_PROCS,,,Floating,,,11/18/2022 8:42,2,2
BUUAT000000000046452,LS_PROCS,,,Floating,,,11/18/2022 8:48,2,2
BUUAT000000000046453,LS_PROCS,,,Floating,,,11/18/2022 8:57,2,2
BUUAT000000000046454,LS_PROCS,,,Floating,,,11/18/2022 9:13,2,2
BUUAT000000000046455,LS_ONBOA,,,Floating,,,11/18/2022 12:06,2,2
BUUAT000000000046456,LS_PROCS,,,,,,11/18/2022 9:51,2,2
BUUAT000000000046457,LS_PROCS,,,Floating,,,11/18/2022 9:51,2,2
BUUAT000000000046458,LS_IUW,,,,,,11/18/2022 9:51,2,2
BUUAT000000000046459,LS_IUW,,,,,,11/18/2022 9:52,2,2
BUUAT000000000046460,LS_PROCS,,,Floating,,,11/18/2022 11:19,2,2
BUUAT000000000046461,LS_PROCS,,,,,,11/18/2022 11:19,2,2
BUUAT000000000046462,LS_PROCS,,,,,,11/18/2022 11:20,2,2
BUUAT000000000046463,LS_IUW,,,Floating,,,11/18/2022 13:13,2,2
BUUAT000000000046464,LS_IUW,,,Floating,,,11/18/2022 13:13,2,2
BUUAT000000000046465,LS_IUW,,,Floating,,,11/18/2022 13:14,2,2
BUUAT000000000046466,LS_IUW,,,Floating,,,11/18/2022 13:15,2,2
BUUAT000000000046467,LS_PROCS,,,,,,11/18/2022 13:15,2,2
BUUAT000000000046468,LS_PROCS,,,Floating,,,11/18/2022 13:16,2,2
