{
	"name": "Investor Ingest Pipeline",
	"properties": {
		"activities": [
			{
				"name": "Investor Ingest",
				"type": "ExecuteDataFlow",
				"dependsOn": [],
				"policy": {
					"timeout": "0.12:00:00",
					"retry": 0,
					"retryIntervalInSeconds": 30,
					"secureOutput": false,
					"secureInput": false
				},
				"userProperties": [],
				"typeProperties": {
					"dataflow": {
						"referenceName": "Investor Ingest Flow",
						"type": "DataFlowReference"
					},
					"compute": {
						"coreCount": 8,
						"computeType": "General"
					},
					"traceLevel": "Fine"
				}
			},
			{
				"name": "Investor Import",
				"type": "ExecuteDataFlow",
				"dependsOn": [
					{
						"activity": "Investor Ingest",
						"dependencyConditions": [
							"Succeeded"
						]
					}
				],
				"policy": {
					"timeout": "0.12:00:00",
					"retry": 0,
					"retryIntervalInSeconds": 30,
					"secureOutput": false,
					"secureInput": false
				},
				"userProperties": [],
				"typeProperties": {
					"dataflow": {
						"referenceName": "Investor Import Flow",
						"type": "DataFlowReference"
					},
					"staging": {
						"folderPath": ""
					},
					"compute": {
						"coreCount": 8,
						"computeType": "General"
					},
					"traceLevel": "Fine"
				}
			},
			{
				"name": "Build LoanId Map",
				"type": "SqlServerStoredProcedure",
				"dependsOn": [
					{
						"activity": "Investor Import",
						"dependencyConditions": [
							"Succeeded"
						]
					}
				],
				"policy": {
					"timeout": "0.12:00:00",
					"retry": 0,
					"retryIntervalInSeconds": 30,
					"secureOutput": false,
					"secureInput": false
				},
				"userProperties": [],
				"typeProperties": {
					"storedProcedureName": "[etl].[Build-InvestorLoanIdMap]"
				},
				"linkedServiceName": {
					"referenceName": "DatawareHouseDatabase",
					"type": "LinkedServiceReference"
				}
			}
		],
		"annotations": []
	}
}